"Recording","Timestamp","Species Text","Calls [#]","Mean Peak Frequency [kHz]","Mean Max Frequency [kHz]","Mean Min Frequency [kHz]","Mean Call Lenght [ms]","Mean Call Distance [ms]","Temperature [Â°C]","Latitude [WGS84]","Longitude [WGS84]","Length [s]"
"24910044","09/06/2018 21:56:34","Pipistrellus pipistrellus","1","48.5","50.4","47.0","5.2","0","17.0","","","1.49"
"24910045","09/06/2018 22:00:56","Rhinolophus ferrumequinum","8","82.8","83.7","80.8","25.4","100","17.0","","","1.85"
"24910046","09/06/2018 22:02:34","Rhinolophus ferrumequinum","14","42.0","49.4","47.2","1.0","100","17.0","50.516568","-4.166063","13.99"
"24910047","09/06/2018 22:03:34","Rhinolophus ferrumequinum","18","82.1","83.6","79.5","44.7","100","17.0","50.516388","-4.166243","3.06"
"24910048","09/06/2018 22:04:52","Rhinolophus ferrumequinum","11","82.3","84.4","80.6","22.9","90","17.0","50.516560","-4.166038","1.89"
"24910049","09/06/2018 22:05:25","Rhinolophus ferrumequinum","16","82.8","84.0","81.6","18.0","40","17.0","50.516735","-4.165965","2.35"
"24910050","09/06/2018 22:05:34","Rhinolophus ferrumequinum","19","82.4","84.5","81.2","17.2","30","17.0","50.516712","-4.165642","2.50"
"24910051","09/06/2018 22:05:37","Rhinolophus ferrumequinum","22","82.6","83.5","79.6","34.7","90","17.0","50.516712","-4.165642","4.36"
"24910052","09/06/2018 22:06:05","Rhinolophus ferrumequinum","14","82.0","83.3","78.6","55.4","100","17.0","50.516557","-4.165947","3.82"
"24910053","09/06/2018 22:06:14","Rhinolophus ferrumequinum","13","82.2","83.1","80.2","41.5","100","17.0","50.516557","-4.165947","3.52"
"24910054","09/06/2018 22:07:25","Rhinolophus ferrumequinum","10","82.4","83.6","79.6","43.2","110","17.0","50.516555","-4.165942","2.49"
"24910055","09/06/2018 22:07:31","Rhinolophus ferrumequinum","8","82.3","83.2","81.4","10.0","90","17.0","50.516555","-4.165942","1.62"
"24910056","09/06/2018 22:07:56","Pipistrellus pipistrellus","6","47.6","54.1","46.5","7.0","83","17.0","50.516623","-4.165868","1.60"
"24910057","09/06/2018 22:07:59","Pipistrellus pipistrellus","1","49.4","56.5","47.9","4.6","0","17.0","50.516623","-4.165868","1.50"
"24910058","09/06/2018 22:08:14","Rhinolophus ferrumequinum","6","82.4","83.5","81.4","7.0","30","17.0","50.516515","-4.166073","1.50"
"24910059","09/06/2018 22:08:40","Rhinolophus ferrumequinum","19","82.7","83.8","81.3","27.3","90","17.0","50.516630","-4.166147","2.70"
"24910060","09/06/2018 22:08:44","Rhinolophus ferrumequinum","25","82.2","83.5","78.5","50.0","161","17.0","50.516630","-4.166147","6.11"
"24910061","09/06/2018 22:09:42","Pipistrellus pipistrellus","5","48.4","52.7","46.7","3.0","70","17.0","50.516708","-4.165853","1.64"
"24910062","09/06/2018 22:11:09","Rhinolophus ferrumequinum","26","82.2","83.6","80.2","43.4","90","17.0","","","3.85"
"24910063","09/06/2018 22:11:30","Rhinolophus ferrumequinum","18","82.3","83.2","77.7","29.4","90","17.0","50.516952","-4.165357","3.10"
"24910064","09/06/2018 22:11:34","Rhinolophus ferrumequinum","245","83.2","84.2","81.5","30.0","60","17.0","50.516952","-4.165357","20.49"
"24910065","09/06/2018 22:11:58","Rhinolophus ferrumequinum","221","83.6","84.4","82.3","30.0","80","17.0","50.516887","-4.165347","20.50"
"24910066","09/06/2018 22:12:21","Rhinolophus ferrumequinum","253","83.9","85.0","82.5","30.0","80","17.0","50.516617","-4.165850","20.50"
"24910067","09/06/2018 22:12:45","Rhinolophus ferrumequinum","107","83.9","84.8","82.5","25.0","60","17.0","50.516617","-4.165850","9.20"
"24910068","09/06/2018 22:12:56","Rhinolophus ferrumequinum","10","82.2","83.3","80.5","18.8","50","17.0","50.516617","-4.165850","1.53"
"24910069","09/06/2018 22:13:26","Myotis nattereri","13","45.2","50.8","41.9","3.0","60","17.0","50.515532","-4.167225","1.74"
"24910070","09/06/2018 22:13:28","Myotis nattereri","6","47.6","55.4","45.6","3.0","50","17.0","50.515532","-4.167225","1.49"
"24910071","09/06/2018 22:15:13","Pipistrellus pipistrellus","9","44.3","47.7","42.8","7.0","110","17.0","50.516687","-4.164520","1.82"
"24910072","09/06/2018 22:15:16","Pipistrellus pipistrellus","10","43.3","45.2","42.3","5.0","190","17.0","50.516687","-4.164520","2.40"
"24910073","09/06/2018 22:20:01","Pipistrellus pipistrellus","20","43.7","45.3","42.7","3.0","110","17.0","50.516483","-4.166352","4.45"
"24910074","09/06/2018 22:23:45","Pipistrellus pipistrellus","7","47.9","51.2","46.7","5.0","140","17.0","50.516538","-4.166010","1.84"
"24910075","09/06/2018 22:23:53","Pipistrellus pygmaeus","21","58.0","64.7","57.0","3.0","70","17.0","50.516583","-4.165947","3.25"
"24910076","09/06/2018 22:23:57","Pipistrellus pygmaeus","5","60.1","63.5","58.2","6.9","147","17.0","50.516583","-4.165947","1.61"
"24910077","09/06/2018 22:24:27","Pipistrellus pygmaeus","6","55.9","60.6","54.0","5.0","208","17.0","50.516667","-4.165847","1.49"
"24910079","09/06/2018 22:24:41","Nyctalus noctula","4","16.8","17.5","16.1","5.9","458","17.0","50.516740","-4.165765","2.31"
"24910080","09/06/2018 22:24:44","Nyctalus noctula","5","17.3","18.2","16.5","5.0","314","17.0","50.516753","-4.165695","1.56"
"24910081","09/06/2018 22:24:47","Nyctalus noctula","2","16.6","17.5","15.7","15.1","771","17.0","50.516753","-4.165695","1.56"
"24910082","09/06/2018 22:25:11","Pipistrellus pygmaeus","29","58.4","64.5","57.1","5.0","101","17.0","50.516645","-4.165728","3.69"
"24910083","09/06/2018 22:25:22","Pipistrellus pygmaeus","15","62.6","68.6","61.3","5.0","60","17.0","50.516678","-4.165693","2.31"
"24910084","09/06/2018 22:25:35","Pipistrellus pygmaeus","6","48.4","52.4","46.7","2.0","60","17.0","50.516737","-4.165642","1.50"
"24910085","09/06/2018 22:25:42","Pipistrellus pygmaeus","5","49.2","51.9","47.9","6.0","338","17.0","50.516755","-4.165673","1.50"
"24910086","09/06/2018 22:27:01","Pipistrellus pygmaeus","7","57.7","64.0","56.5","4.0","170","17.0","","","2.20"
"24910087","09/06/2018 22:28:01","Pipistrellus pygmaeus","1","18.0","21.7","17.1","2.6","0","17.0","50.516713","-4.165877","1.50"
"24910088","09/06/2018 22:28:14","Pipistrellus pygmaeus","16","58.0","52.8","48.1","7.0","100","17.0","50.516703","-4.165782","2.91"
"24910089","09/06/2018 22:28:18","Pipistrellus pygmaeus","5","58.0","53.6","48.2","10.0","106","17.0","50.516703","-4.165782","1.52"
"24910090","09/06/2018 22:28:22","Pipistrellus pygmaeus","14","53.8","57.4","52.8","4.0","180","17.0","50.516703","-4.165782","3.34"
"24910091","09/06/2018 22:28:35","Pipistrellus pygmaeus","4","37.4","41.1","36.0","5.0","204","17.0","50.516683","-4.165638","2.04"
"24910092","09/06/2018 22:28:41","Nyctalus noctula","4","28.7","31.0","27.5","3.0","163","17.0","50.516767","-4.165540","1.94"
"24910093","09/06/2018 22:28:43","Nyctalus noctula","2","36.5","38.6","35.6","50.1","343","17.0","50.516767","-4.165540","1.83"
"24910094","09/06/2018 22:28:47","Nyctalus noctula","6","17.6","18.3","16.8","11.6","730","17.0","50.516767","-4.165540","2.75"
"24910095","09/06/2018 22:28:51","Nyctalus noctula","6","23.5","28.3","21.7","7.0","140","17.0","50.516683","-4.165545","1.50"
"24910096","09/06/2018 22:28:53","Nyctalus noctula","5","20.5","22.2","19.5","14.0","566","17.0","50.516683","-4.165545","3.80"
"24910097","09/06/2018 22:32:29","Pipistrellus pygmaeus","4","55.3","59.1","54.1","5.0","270","16.0","50.516345","-4.166330","1.50"
"24910098","09/06/2018 22:34:07","Nyctalus noctula","28","30.1","34.4","28.7","3.0","420","16.0","","","8.89"
"24910099","09/06/2018 22:34:46","Myotis spec.","5","61.7","68.0","60.1","3.0","80","16.0","50.516617","-4.166123","1.84"
"24910100","09/06/2018 22:34:50","Pipistrellus pipistrellus","16","58.0","54.5","47.6","3.0","30","16.0","50.516617","-4.166123","2.18"
"24910101","09/06/2018 22:34:56","Pipistrellus pygmaeus","18","57.9","65.0","56.6","3.0","80","16.0","50.516392","-4.166590","2.68"
"24910102","09/06/2018 22:34:59","Pipistrellus pygmaeus","3","54.4","59.7","53.3","6.0","180","16.0","50.516392","-4.166590","1.50"
"24910103","09/06/2018 22:35:03","Nyctalus noctula","3","30.0","31.3","29.3","3.0","323","16.0","50.516392","-4.166590","1.50"
"24910104","09/06/2018 22:36:24","Eptesicus serotinus","5","29.5","36.2","28.2","5.0","564","16.0","50.516455","-4.166182","3.77"
"24910105","09/06/2018 22:36:29","Eptesicus serotinus","7","29.3","36.6","27.9","5.0","260","16.0","50.516455","-4.166182","2.76"
"24910106","09/06/2018 22:42:33","Nyctalus noctula","2","16.8","18.0","15.7","12.1","39","16.0","50.516530","-4.166007","1.50"
"24910107","09/06/2018 22:42:36","Nyctalus noctula","3","17.1","18.0","16.4","5.5","265","16.0","50.516530","-4.166007","1.51"
"24910108","09/06/2018 22:42:39","Nyctalus noctula","3","17.0","17.8","16.0","27.7","339","16.0","50.516530","-4.166007","1.50"
"24910109","09/06/2018 22:42:41","Nyctalus noctula","3","16.6","17.6","15.8","8.0","451","16.0","50.516442","-4.166200","1.51"
"24910110","09/06/2018 22:42:44","Nyctalus noctula","5","18.4","19.5","17.5","7.0","530","16.0","50.516442","-4.166200","3.15"
"24910111","09/06/2018 22:42:50","Nyctalus noctula","4","18.2","19.4","17.3","6.7","135","16.0","50.516442","-4.166200","1.50"
"24910112","09/06/2018 22:42:52","Nyctalus noctula","2","17.1","17.7","16.5","8.2","809","16.0","50.516442","-4.166200","1.50"
"24910113","09/06/2018 22:44:46","Pipistrellus pipistrellus","5","44.2","47.6","43.2","7.0","180","16.0","","","1.50"
"24910114","09/06/2018 22:47:10","Nyctalus noctula","23","25.0","30.2","23.7","8.1","270","16.0","","","8.89"
"24910115","09/06/2018 22:47:49","Eptesicus serotinus","5","29.8","32.2","27.9","3.0","160","16.0","50.518530","-4.139453","2.12"
"24910116","09/06/2018 22:47:53","Eptesicus serotinus","5","27.8","31.1","26.6","2.0","463","16.0","50.518657","-4.137377","2.73"
"24910117","09/06/2018 22:49:20","Eptesicus serotinus","16","26.8","30.3","25.1","3.0","280","16.0","","","6.33"
"24910119","09/06/2018 22:52:34","Nyctalus noctula","4","27.9","34.8","26.9","5.4","420","16.0","50.516642","-4.165875","1.49"
"24910120","09/06/2018 22:52:37","Eptesicus serotinus","15","29.0","34.2","27.3","3.0","430","16.0","50.516642","-4.165875","4.69"
"24910121","09/06/2018 22:54:16","Eptesicus serotinus","7","26.2","32.4","24.9","10.0","345","16.0","50.516673","-4.165945","3.24"
"24910123","09/06/2018 22:54:30","Eptesicus serotinus","10","27.1","34.2","25.4","4.0","260","16.0","50.516540","-4.166293","3.23"
"24910124","09/06/2018 22:54:45","Eptesicus serotinus","10","27.9","35.0","26.6","3.0","260","16.0","50.516550","-4.166332","3.09"
"24910125","09/06/2018 22:55:06","Eptesicus serotinus","14","27.4","32.1","26.0","5.0","250","16.0","50.516595","-4.166007","4.42"
"24910126","09/06/2018 22:55:12","Eptesicus serotinus","7","28.2","34.2","27.2","5.6","290","16.0","50.516595","-4.166007","2.93"
"24910127","09/06/2018 22:55:39","Eptesicus serotinus","22","27.5","32.6","26.2","3.0","150","16.0","50.516575","-4.166003","6.52"
"24910128","09/06/2018 22:55:56","Eptesicus serotinus","15","27.6","32.8","26.3","9.0","70","16.0","50.516463","-4.166245","4.53"
"24910129","09/06/2018 22:56:15","Eptesicus serotinus","17","27.4","33.4","26.1","3.0","130","16.0","50.516463","-4.166245","5.91"
"24910130","09/06/2018 22:56:23","Eptesicus serotinus","18","28.9","34.3","27.3","7.0","270","16.0","50.516463","-4.166245","6.38"
"24910131","09/06/2018 22:57:01","Eptesicus serotinus","24","28.2","33.1","26.7","7.0","140","16.0","50.516265","-4.166603","8.39"
"24910132","09/06/2018 22:57:11","Eptesicus serotinus","5","28.7","37.8","25.9","6.0","389","16.0","50.516265","-4.166603","3.47"
"24910133","09/06/2018 22:57:15","Eptesicus serotinus","7","27.2","33.9","25.6","4.0","150","16.0","50.516265","-4.166603","3.13"
"24910134","09/06/2018 22:57:21","Eptesicus serotinus","8","26.2","31.1","24.8","7.3","312","16.0","50.516527","-4.166060","2.80"
"24910135","09/06/2018 22:59:29","Pipistrellus pipistrellus","8","49.1","55.8","48.1","3.0","90","16.0","50.516617","-4.165733","1.67"
"24910136","09/06/2018 23:01:50","Eptesicus serotinus","5","29.0","34.2","27.6","4.0","170","16.0","50.516087","-4.166270","1.49"
"24910137","09/06/2018 23:03:23","Eptesicus serotinus","8","27.5","33.3","25.8","7.0","150","16.0","50.516483","-4.166122","2.76"
"24910138","09/06/2018 23:03:51","Eptesicus serotinus","4","27.3","37.5","26.1","5.0","180","16.0","50.516482","-4.166102","2.18"
"24910139","09/06/2018 23:03:55","Eptesicus serotinus","5","26.6","32.1","25.0","7.0","503","16.0","50.516482","-4.166102","2.67"
"24910140","09/06/2018 23:04:26","Eptesicus serotinus","7","28.2","35.0","26.9","7.0","342","16.0","50.516425","-4.166140","3.05"
"24910141","09/06/2018 23:04:29","Eptesicus serotinus","3","25.8","34.3","24.9","6.1","385","16.0","50.516425","-4.166178","2.93"
"24910142","09/06/2018 23:05:14","Pipistrellus pygmaeus","2","55.1","57.1","53.9","3.0","91","16.0","50.516558","-4.165973","1.49"
"24910143","09/06/2018 23:05:39","Pipistrellus pygmaeus","1","56.8","64.7","55.5","6.6","0","17.0","50.516605","-4.165883","1.49"
"24910144","09/06/2018 23:05:45","Pipistrellus pygmaeus","2","57.1","62.0","56.3","5.2","421","16.0","50.516567","-4.165928","1.50"
"24910145","09/06/2018 23:12:52","Pipistrellus pygmaeus","4","52.7","55.8","51.9","7.0","207","17.0","50.516460","-4.166087","1.67"
"24910146","09/06/2018 23:17:28","Eptesicus serotinus","10","27.8","35.2","26.4","3.0","310","17.0","50.516483","-4.166025","4.48"
"24910147","09/06/2018 23:23:37","Eptesicus serotinus","12","28.9","33.3","27.3","3.0","280","17.0","","","3.58"
"24910148","09/06/2018 23:23:42","Eptesicus serotinus","1","29.9","32.3","28.7","2.0","0","17.0","","","1.50"
"24910149","09/06/2018 23:31:21","Pipistrellus pygmaeus","5","56.7","65.6","55.6","5.0","113","17.0","","","1.50"
"24910150","09/06/2018 23:31:29","Pipistrellus pygmaeus","6","56.3","60.0","55.3","5.0","80","17.0","","","1.50"
"24910151","09/06/2018 23:35:28","Eptesicus serotinus","8","28.0","32.3","26.0","7.0","120","17.0","","","2.63"
"24910152","09/06/2018 23:35:32","Eptesicus serotinus","1","32.7","33.3","30.8","1.3","0","17.0","","","1.49"
"24910153","09/06/2018 23:35:34","Eptesicus serotinus","4","25.6","36.2","24.3","10.0","277","17.0","","","3.44"
"24910154","09/06/2018 23:35:54","Eptesicus serotinus","11","25.1","30.8","23.3","5.0","270","17.0","","","6.26"
"24910155","09/06/2018 23:36:42","Eptesicus serotinus","13","26.6","35.4","25.4","5.0","380","17.0","50.516498","-4.167668","5.93"
"24910156","09/06/2018 23:39:14","Eptesicus serotinus","11","29.4","34.4","27.2","3.0","150","17.0","","","3.54"
"24910157","09/06/2018 23:39:18","Eptesicus serotinus","5","25.8","34.4","23.9","10.0","219","17.0","","","2.12"
"24910158","09/06/2018 23:43:08","Pipistrellus pygmaeus","7","59.7","63.7","58.5","1.0","80","17.0","50.516517","-4.166297","1.50"
"24910159","09/06/2018 23:43:26","Pipistrellus pygmaeus","1","56.2","59.5","55.5","4.6","0","17.0","50.516528","-4.166257","1.50"
"24910160","09/06/2018 23:44:03","Pipistrellus pygmaeus","4","55.5","58.8","54.6","7.5","364","17.0","50.516573","-4.166112","1.50"
"24910161","09/06/2018 23:44:19","Eptesicus serotinus","4","27.2","34.9","25.6","9.0","257","17.0","50.516562","-4.166313","1.89"
"24910162","09/06/2018 23:44:24","Eptesicus serotinus","8","36.2","43.2","34.2","3.0","130","17.0","50.516562","-4.166313","3.37"
"24910163","09/06/2018 23:44:31","Eptesicus serotinus","3","39.4","46.1","36.2","5.0","182","17.0","50.516600","-4.166322","1.61"
"24910164","09/06/2018 23:44:37","Pipistrellus pygmaeus","2","55.4","60.4","53.9","9.8","408","17.0","50.516600","-4.166322","1.50"
"24910165","09/06/2018 23:44:47","Pipistrellus pygmaeus","5","57.1","60.9","55.6","5.0","80","17.0","50.516613","-4.166280","1.50"
"24910166","09/06/2018 23:44:51","Pipistrellus pygmaeus","0","0.0","0.0","0.0","0.0","0","17.0","50.516625","-4.166138","1.50"
"24910167","09/06/2018 23:45:22","Pipistrellus pygmaeus","5","57.0","61.3","55.7","4.0","242","17.0","50.516677","-4.165947","1.50"
"24910168","09/06/2018 23:45:29","Pipistrellus pygmaeus","3","55.8","59.9","54.9","7.0","474","17.0","50.516677","-4.165947","1.49"
"24910169","09/06/2018 23:45:39","Pipistrellus pygmaeus","9","56.1","63.0","55.2","5.0","80","17.0","50.516692","-4.166000","1.95"
"24910170","09/06/2018 23:46:45","Pipistrellus pygmaeus","3","55.7","59.0","54.5","6.3","373","17.0","50.516545","-4.166383","1.49"
"24910171","09/06/2018 23:47:17","Pipistrellus pygmaeus","5","54.9","60.7","53.3","12.0","80","17.0","50.516522","-4.166292","1.80"
"24910172","09/06/2018 23:47:24","Pipistrellus pygmaeus","8","56.8","59.5","55.4","7.0","206","17.0","50.516522","-4.166292","2.31"
"24910173","09/06/2018 23:47:36","Eptesicus serotinus","9","29.6","36.5","27.5","4.0","140","17.0","50.516542","-4.166263","2.64"
"24910174","09/06/2018 23:47:40","Eptesicus serotinus","3","31.3","35.8","30.1","3.0","270","17.0","50.516560","-4.166203","2.03"
"24910175","09/06/2018 23:50:15","Pipistrellus pygmaeus","7","56.0","56.1","49.8","5.0","70","17.0","50.516558","-4.165717","1.79"
"24910176","09/06/2018 23:50:24","Pipistrellus pygmaeus","3","32.5","37.0","31.2","11.1","146","17.0","50.516570","-4.165733","1.49"
"24910177","09/06/2018 23:50:26","Pipistrellus pygmaeus","6","56.3","61.2","55.1","5.0","80","17.0","50.516570","-4.165733","1.58"
"24910178","09/06/2018 23:57:33","Eptesicus serotinus","7","26.5","34.7","24.9","9.0","185","17.0","50.516642","-4.166168","3.07"
"24910179","09/06/2018 23:58:11","Eptesicus serotinus","13","28.0","34.2","26.7","3.0","130","17.0","50.516632","-4.165972","4.42"
"24910180","10/06/2018 00:02:59","Eptesicus serotinus","8","28.8","35.4","26.3","7.0","705","17.0","50.516623","-4.165805","7.87"
"24910181","10/06/2018 00:03:12","Eptesicus serotinus","4","28.2","32.3","26.3","3.0","325","17.0","50.516623","-4.165805","1.49"
"24910182","10/06/2018 00:03:45","Eptesicus serotinus","3","28.7","38.4","27.7","5.0","517","17.0","50.516597","-4.166180","2.53"
"24910183","10/06/2018 00:03:48","Eptesicus serotinus","3","27.6","32.6","26.7","4.2","433","17.0","50.516597","-4.166180","2.30"
"24910184","10/06/2018 00:10:15","Eptesicus serotinus","6","27.9","32.9","26.3","5.0","571","16.0","","","3.44"
"24910185","10/06/2018 00:10:19","Eptesicus serotinus","3","25.8","30.8","24.3","7.2","618","16.0","","","2.55"
"24910186","10/06/2018 00:11:47","Eptesicus serotinus","7","27.5","35.1","26.1","5.0","290","17.0","50.516665","-4.165670","4.49"
"24910187","10/06/2018 00:11:56","Eptesicus serotinus","3","27.1","31.0","25.2","4.4","443","17.0","50.516665","-4.165670","1.49"
"24910188","10/06/2018 00:23:41","Pipistrellus pygmaeus","0","0.0","0.0","0.0","0.0","0","16.0","","","1.50"
"24910189","10/06/2018 00:27:48","Eptesicus serotinus","37","28.5","33.1","26.7","3.0","130","16.0","50.516655","-4.165925","13.24"
"24910190","10/06/2018 00:30:58","Eptesicus serotinus","6","30.0","37.9","28.2","2.0","281","16.0","50.516583","-4.165960","2.91"
"24910191","10/06/2018 00:32:55","Eptesicus serotinus","16","28.0","32.6","26.1","1.0","160","16.0","50.516547","-4.165880","6.52"
"24910192","10/06/2018 00:33:20","Eptesicus serotinus","15","30.6","37.2","28.5","3.0","140","16.0","50.516508","-4.165893","4.20"
"24910193","10/06/2018 00:33:26","Eptesicus serotinus","7","26.4","31.9","24.7","3.0","290","16.0","50.516508","-4.165893","2.08"
"24910194","10/06/2018 00:33:31","Eptesicus serotinus","6","29.8","36.4","28.3","2.0","260","16.0","50.516613","-4.165818","2.38"
"24910195","10/06/2018 00:33:34","Eptesicus serotinus","22","29.5","35.0","27.4","2.0","250","16.0","50.516613","-4.165818","6.58"
"24910196","10/06/2018 00:33:42","Eptesicus serotinus","8","25.9","32.4","24.1","7.0","280","16.0","50.516632","-4.165857","3.35"
"24910197","10/06/2018 00:36:50","Eptesicus serotinus","7","26.9","30.1","25.2","6.0","572","16.0","50.516332","-4.165665","4.22"
"24910198","10/06/2018 00:39:10","Eptesicus serotinus","15","24.9","29.0","23.7","3.0","280","16.0","50.516417","-4.165590","8.20"
"24910199","10/06/2018 00:39:21","Eptesicus serotinus","9","26.7","33.9","25.2","9.0","240","16.0","50.516417","-4.165590","5.30"
"24910200","10/06/2018 00:46:16","Myotis nattereri","4","58.7","66.4","57.5","5.0","149","16.0","","","1.49"
"24910201","10/06/2018 00:46:51","Pipistrellus pygmaeus","5","55.5","59.6","54.3","6.0","165","16.0","50.516400","-4.166023","1.50"
"24910202","10/06/2018 00:46:59","Pipistrellus pygmaeus","18","56.0","61.6","55.0","7.0","80","16.0","50.516400","-4.166023","3.24"
"24910203","10/06/2018 00:47:27","Pipistrellus pygmaeus","7","56.5","62.6","55.6","5.0","70","16.0","","","1.79"
"24910204","10/06/2018 00:48:02","Pipistrellus pygmaeus","22","55.8","60.0","54.8","7.0","80","16.0","","","3.83"
"24910205","10/06/2018 00:53:07","Myotis spec.","12","44.5","52.3","41.1","3.0","50","16.0","50.516692","-4.165537","1.88"
"24910206","10/06/2018 00:53:12","Myotis spec.","2","40.6","51.6","36.2","3.3","320","16.0","50.516692","-4.165537","1.49"
"24910207","10/06/2018 00:55:37","Pipistrellus pygmaeus","5","57.2","62.4","55.8","5.0","70","16.0","","","1.63"
"24910208","10/06/2018 01:05:04","Eptesicus serotinus","10","26.7","35.7","24.8","5.0","260","16.0","","","4.26"
"24910209","10/06/2018 01:05:09","Eptesicus serotinus","11","26.6","30.3","25.1","3.0","240","16.0","","","4.28"
"24910210","10/06/2018 01:05:15","Eptesicus serotinus","2","23.7","29.6","23.0","8.2","243","16.0","","","1.50"
"24910211","10/06/2018 01:08:46","Pipistrellus pygmaeus","5","58.0","61.2","55.7","3.0","70","16.0","","","1.71"
"24910212","10/06/2018 01:08:55","Pipistrellus pygmaeus","2","54.9","56.3","54.0","7.2","269","16.0","","","1.50"
"24910213","10/06/2018 01:08:59","Pipistrellus pygmaeus","3","57.9","62.6","56.7","3.9","246","16.0","","","1.50"
"24910214","10/06/2018 01:09:11","Pipistrellus pygmaeus","5","56.9","61.0","55.6","3.0","358","16.0","","","1.83"
"24910215","10/06/2018 01:10:49","Pipistrellus pygmaeus","3","56.7","60.4","55.8","4.8","206","16.0","50.516698","-4.164653","1.49"
"24910216","10/06/2018 01:10:57","Pipistrellus pygmaeus","4","57.2","63.2","55.7","6.0","70","16.0","50.516702","-4.164610","1.57"
"24910217","10/06/2018 01:11:11","Pipistrellus pygmaeus","2","57.8","61.0","56.8","2.3","426","16.0","50.516695","-4.164698","1.50"
"24910218","10/06/2018 01:11:16","Pipistrellus pygmaeus","8","55.8","60.8","54.6","5.0","100","16.0","50.516695","-4.164698","1.50"
"24910219","10/06/2018 01:11:20","Pipistrellus pygmaeus","5","57.3","61.6","56.3","4.0","125","16.0","50.516665","-4.164892","1.50"
"24910220","10/06/2018 01:12:56","Eptesicus serotinus","11","29.2","33.5","27.5","3.0","426","16.0","50.516663","-4.166008","5.10"
"24910221","10/06/2018 01:13:34","Pipistrellus pygmaeus","5","60.6","67.7","59.1","4.0","270","16.0","50.516682","-4.166128","2.25"
"24910222","10/06/2018 01:13:40","Pipistrellus pygmaeus","2","59.5","66.4","58.6","3.9","235","16.0","50.516682","-4.166128","1.50"
"24910223","10/06/2018 01:14:05","Myotis spec.","7","63.9","69.1","61.2","2.0","80","16.0","50.516627","-4.166382","2.12"
"24910224","10/06/2018 01:15:17","Eptesicus serotinus","4","28.4","34.6","27.1","9.0","396","16.0","50.516675","-4.166302","1.76"
"24910225","10/06/2018 01:16:53","Pipistrellus pygmaeus","5","57.0","63.8","55.6","6.6","221","16.0","50.516660","-4.166043","1.50"
"24910226","10/06/2018 01:16:56","Pipistrellus pygmaeus","7","58.2","62.5","56.7","3.0","70","16.0","50.516647","-4.166072","1.80"
"24910227","10/06/2018 01:17:01","Pipistrellus pygmaeus","3","56.6","57.9","55.1","1.0","188","16.0","50.516647","-4.166072","1.60"
"24910228","10/06/2018 01:17:03","Pipistrellus pygmaeus","6","58.7","64.3","57.0","3.0","70","16.0","50.516647","-4.166072","2.47"
"24910229","10/06/2018 01:17:27","Pipistrellus pygmaeus","4","56.2","62.8","55.2","4.0","292","16.0","50.516658","-4.165960","1.50"
"24910230","10/06/2018 01:18:06","Pipistrellus pygmaeus","4","55.7","61.3","54.6","5.0","90","16.0","50.516645","-4.165990","1.50"
"24910231","10/06/2018 01:18:25","Pipistrellus pygmaeus","8","57.3","61.0","56.3","5.0","80","16.0","50.516680","-4.166043","1.50"
"24910232","10/06/2018 01:18:27","Pipistrellus pygmaeus","3","57.9","63.3","56.5","4.0","70","16.0","50.516680","-4.166043","1.50"
"24910233","10/06/2018 01:18:32","Pipistrellus pygmaeus","2","56.9","61.3","56.0","6.0","77","16.0","50.516677","-4.166015","1.49"
"24910234","10/06/2018 01:20:05","Pipistrellus pygmaeus","8","56.5","60.7","54.5","7.0","90","15.0","50.516665","-4.166032","1.67"
"24910235","10/06/2018 01:20:20","Eptesicus serotinus","18","27.0","32.5","25.2","5.0","170","15.0","50.516637","-4.166085","8.21"
"24910236","10/06/2018 01:23:03","Eptesicus serotinus","9","27.9","34.7","26.4","2.0","130","15.0","","","3.71"
"24910237","10/06/2018 01:23:08","Eptesicus serotinus","6","29.1","34.2","26.7","3.0","319","15.0","","","2.75"
"24910238","10/06/2018 01:23:12","Eptesicus serotinus","10","28.1","35.1","26.5","5.0","100","15.0","","","2.55"
"24910239","10/06/2018 01:23:17","Pipistrellus pygmaeus","12","57.9","63.1","56.0","4.0","60","15.0","50.516758","-4.166060","2.15"
"24910240","10/06/2018 01:23:20","Eptesicus serotinus","8","27.9","35.0","26.0","6.0","140","15.0","50.516758","-4.166060","2.31"
"24910241","10/06/2018 01:23:24","Eptesicus serotinus","2","29.0","35.9","27.8","2.9","260","15.0","50.516758","-4.166060","2.16"
"24910242","10/06/2018 01:23:28","Eptesicus serotinus","3","29.1","36.7","26.7","5.0","380","15.0","50.516682","-4.166122","2.26"
"24910243","10/06/2018 01:23:34","Eptesicus serotinus","21","29.6","34.4","27.8","3.0","130","15.0","50.516682","-4.166122","6.23"
"24910244","10/06/2018 01:23:45","Eptesicus serotinus","14","29.4","36.1","27.2","5.0","260","15.0","50.516660","-4.166133","4.88"
"24910245","10/06/2018 01:32:02","Eptesicus serotinus","1","26.6","28.1","25.6","2.0","0","15.0","50.516727","-4.165457","2.13"
"24910246","10/06/2018 01:32:05","Eptesicus serotinus","2","29.4","31.9","28.7","2.6","452","15.0","50.516727","-4.165457","1.50"
"24910247","10/06/2018 01:32:07","Eptesicus serotinus","1","28.4","34.2","27.5","3.3","0","15.0","50.516727","-4.165457","2.09"
"24910248","10/06/2018 01:32:15","Pipistrellus pygmaeus","9","56.5","61.4","55.5","6.0","80","15.0","50.516612","-4.165550","1.65"
"24910249","10/06/2018 01:32:18","Pipistrellus pygmaeus","4","47.9","54.2","46.5","5.0","234","15.0","50.516612","-4.165550","1.50"
"24910250","10/06/2018 01:32:26","Pipistrellus pygmaeus","5","52.9","55.0","51.9","3.0","124","15.0","50.516607","-4.165607","1.81"
"24910251","10/06/2018 01:32:31","Pipistrellus pygmaeus","2","17.5","20.6","16.8","3.6","924","15.0","50.516607","-4.165607","1.50"
"24910252","10/06/2018 01:32:51","Pipistrellus pygmaeus","8","56.7","62.0","55.5","3.0","150","15.0","50.516630","-4.165647","1.49"
"24910253","10/06/2018 01:32:58","Pipistrellus pygmaeus","5","56.9","60.7","55.8","6.0","110","15.0","50.516710","-4.165702","1.49"
"24910254","10/06/2018 01:33:03","Pipistrellus pygmaeus","4","56.2","59.3","55.2","5.0","272","15.0","50.516710","-4.165702","1.50"
"24910255","10/06/2018 01:33:06","Pipistrellus pygmaeus","4","56.2","62.0","55.2","10.0","162","15.0","50.516710","-4.165702","1.98"
"24910256","10/06/2018 01:33:12","Pipistrellus pygmaeus","3","55.2","60.3","54.1","8.5","129","15.0","50.516705","-4.165778","1.50"
"24910257","10/06/2018 01:33:19","Pipistrellus pygmaeus","5","56.8","60.8","55.7","3.0","308","15.0","50.516705","-4.165778","1.95"
"24910258","10/06/2018 01:33:26","Pipistrellus pygmaeus","2","55.8","60.1","55.2","3.9","166","15.0","50.516675","-4.165837","2.40"
"24910259","10/06/2018 01:33:51","Pipistrellus pygmaeus","4","54.4","61.1","53.0","5.0","414","15.0","50.516648","-4.165975","1.79"
"24910260","10/06/2018 01:33:55","Pipistrellus pygmaeus","13","51.5","55.7","50.0","7.0","100","15.0","50.516635","-4.166065","2.33"
"24910261","10/06/2018 01:34:00","Pipistrellus pygmaeus","6","55.9","61.3","54.8","3.0","188","15.0","50.516635","-4.166065","1.50"
"24910262","10/06/2018 01:34:02","Pipistrellus pygmaeus","9","53.8","57.6","52.1","5.0","110","15.0","50.516635","-4.166065","1.49"
"24910263","10/06/2018 01:34:12","Pipistrellus pygmaeus","5","57.3","65.4","56.5","4.0","70","15.0","50.516603","-4.166080","1.49"
"24910264","10/06/2018 01:34:23","Pipistrellus pygmaeus","4","56.7","61.1","55.5","7.2","271","15.0","50.516607","-4.166038","1.49"
"24910265","10/06/2018 01:34:30","Pipistrellus pygmaeus","7","57.1","59.8","55.7","3.0","80","15.0","50.516555","-4.166100","2.07"
"24910266","10/06/2018 01:34:36","Pipistrellus pygmaeus","3","57.0","62.0","55.5","5.0","312","15.0","50.516555","-4.166100","1.50"
"24910267","10/06/2018 01:34:42","Pipistrellus pygmaeus","3","58.7","64.6","56.3","3.7","229","15.0","50.516517","-4.166157","1.50"
"24910268","10/06/2018 01:34:54","Pipistrellus pygmaeus","5","57.4","62.4","56.0","5.2","70","15.0","50.516450","-4.166315","1.66"
"24910269","10/06/2018 01:35:00","Pipistrellus pygmaeus","7","56.7","62.3","55.7","3.0","80","15.0","50.516450","-4.166315","1.89"
"24910270","10/06/2018 01:35:07","Pipistrellus pygmaeus","4","56.4","62.0","55.5","5.0","80","15.0","50.516487","-4.166215","2.20"
"24910271","10/06/2018 01:35:24","Pipistrellus pygmaeus","8","61.3","66.3","58.9","1.0","80","15.0","50.516500","-4.166093","1.82"
"24910272","10/06/2018 01:35:27","Pipistrellus pygmaeus","6","57.8","61.8","56.7","3.0","80","15.0","50.516500","-4.166093","1.50"
"24910273","10/06/2018 01:38:52","Pipistrellus pygmaeus","9","57.5","60.7","56.2","5.0","90","15.0","50.516437","-4.166702","2.35"
"24910274","10/06/2018 01:39:12","Pipistrellus pygmaeus","2","55.8","58.6","54.5","5.2","84","15.0","50.516405","-4.166820","1.49"
"24910275","10/06/2018 01:39:21","Pipistrellus pygmaeus","4","56.9","63.7","55.9","7.7","80","15.0","50.516405","-4.166820","1.49"
"24910276","10/06/2018 01:39:26","Pipistrellus pygmaeus","4","56.6","59.7","55.5","2.0","328","15.0","50.516405","-4.166820","1.50"
"24910277","10/06/2018 01:39:40","Pipistrellus pygmaeus","6","56.6","64.2","55.5","5.0","80","15.0","50.516405","-4.166820","1.49"
"24910278","10/06/2018 01:39:44","Pipistrellus pygmaeus","2","56.6","62.4","56.0","4.9","415","15.0","50.515928","-4.167742","1.50"
"24910279","10/06/2018 01:39:50","Pipistrellus pygmaeus","9","56.3","61.4","55.1","1.0","90","15.0","50.515928","-4.167742","1.68"
"24910280","10/06/2018 01:39:59","Pipistrellus pygmaeus","6","56.3","61.1","55.3","4.0","80","15.0","50.515928","-4.167742","1.92"
"24910281","10/06/2018 01:40:02","Pipistrellus pygmaeus","3","56.1","59.5","55.4","5.2","277","15.0","50.515928","-4.167742","1.80"
"24910282","10/06/2018 01:40:11","Pipistrellus pygmaeus","2","55.5","63.5","54.8","4.6","180","15.0","50.515932","-4.167680","1.50"
"24910283","10/06/2018 01:40:28","Pipistrellus pygmaeus","7","57.7","62.0","55.8","3.0","80","15.0","50.516048","-4.167443","2.32"
"24910284","10/06/2018 01:40:36","Pipistrellus pygmaeus","9","57.0","63.9","55.3","5.0","80","15.0","50.516078","-4.167343","2.45"
"24910285","10/06/2018 01:40:41","Pipistrellus pygmaeus","6","33.1","38.0","31.5","4.0","196","15.0","50.516140","-4.167225","1.50"
"24910286","10/06/2018 01:40:47","Pipistrellus pygmaeus","3","31.1","33.4","30.2","2.0","330","15.0","50.516140","-4.167225","1.50"
"24910287","10/06/2018 01:41:12","Pipistrellus pygmaeus","7","55.8","60.1","54.7","5.0","212","15.0","50.516217","-4.167072","1.50"
"24910288","10/06/2018 01:41:16","Pipistrellus pygmaeus","4","58.8","64.5","57.1","4.4","70","15.0","50.516217","-4.167072","1.57"
"24910289","10/06/2018 01:41:23","Pipistrellus pygmaeus","3","57.7","64.7","56.7","4.8","137","15.0","50.516217","-4.167072","1.56"
"24910290","10/06/2018 01:41:28","Pipistrellus pygmaeus","6","56.6","63.4","55.5","5.0","80","15.0","50.516217","-4.167072","1.50"
"24910291","10/06/2018 01:41:33","Pipistrellus pygmaeus","6","56.2","60.0","55.0","5.0","90","15.0","50.516355","-4.166682","1.67"
"24910292","10/06/2018 01:41:37","Pipistrellus pygmaeus","5","55.8","61.1","54.6","3.0","278","15.0","50.516355","-4.166682","1.49"
"24910293","10/06/2018 01:41:43","Pipistrellus pygmaeus","3","57.0","64.2","55.3","4.8","90","15.0","50.516380","-4.166567","1.49"
"24910294","10/06/2018 01:42:16","Pipistrellus pygmaeus","0","0.0","0.0","0.0","0.0","0","15.0","50.516550","-4.166172","1.49"
"24910295","10/06/2018 01:42:20","Pipistrellus pygmaeus","5","56.9","64.0","55.5","5.0","70","15.0","50.516550","-4.166172","1.63"
"24910296","10/06/2018 01:42:25","Pipistrellus pygmaeus","3","56.8","62.7","55.8","4.0","399","15.0","50.516567","-4.166147","2.00"
"24910297","10/06/2018 01:42:31","Pipistrellus pygmaeus","6","57.9","62.7","56.5","9.0","295","15.0","50.516567","-4.166147","1.49"
"24910298","10/06/2018 01:43:52","Pipistrellus pygmaeus","4","56.2","62.3","54.9","6.6","323","15.0","50.516605","-4.166002","1.50"
"24910299","10/06/2018 01:43:54","Pipistrellus pygmaeus","7","57.3","62.1","55.6","7.0","232","15.0","50.516605","-4.166002","1.50"
"24910300","10/06/2018 01:43:57","Pipistrellus pygmaeus","1","56.5","64.1","55.8","4.6","0","15.0","50.516600","-4.166012","1.50"
"24910301","10/06/2018 01:46:47","Pipistrellus pygmaeus","5","55.4","57.6","54.1","7.0","100","15.0","50.516420","-4.166607","1.50"
"24910302","10/06/2018 01:46:55","Pipistrellus pygmaeus","3","57.0","62.5","55.9","4.8","147","15.0","50.516682","-4.166007","1.96"
"24910303","10/06/2018 01:47:04","Pipistrellus pygmaeus","9","56.4","63.6","55.5","7.0","80","15.0","50.516822","-4.165573","2.67"
"24910304","10/06/2018 01:47:09","Pipistrellus pygmaeus","7","55.9","59.0","55.0","1.0","90","15.0","50.516822","-4.165573","1.50"
"24910305","10/06/2018 01:47:24","Pipistrellus pygmaeus","6","51.5","54.3","50.0","7.0","134","15.0","50.516782","-4.165567","1.73"
"24910306","10/06/2018 01:47:27","Pipistrellus pygmaeus","12","54.7","61.5","52.4","5.0","60","15.0","50.516782","-4.165567","1.49"
"24910307","10/06/2018 01:47:40","Pipistrellus pygmaeus","5","55.7","60.1","54.6","5.0","180","15.0","50.516840","-4.165375","1.50"
"24910308","10/06/2018 01:48:19","Pipistrellus pygmaeus","7","57.8","62.4","56.8","1.0","70","15.0","50.516685","-4.165865","1.50"
"24910309","10/06/2018 01:48:23","Pipistrellus pygmaeus","2","59.8","62.9","55.2","2.6","74","15.0","50.516685","-4.165865","1.50"
"24910310","10/06/2018 01:48:27","Pipistrellus pygmaeus","2","56.5","63.8","55.1","5.6","680","15.0","50.516685","-4.165865","1.50"
"24910311","10/06/2018 01:48:36","Pipistrellus pygmaeus","6","57.0","61.2","56.1","5.0","70","15.0","50.516698","-4.165888","1.49"
"24910312","10/06/2018 01:48:40","Pipistrellus pygmaeus","3","57.4","61.8","56.4","3.0","489","15.0","50.516690","-4.165920","1.50"
"24910313","10/06/2018 01:48:51","Pipistrellus pygmaeus","2","56.0","58.7","53.6","6.9","726","15.0","50.516707","-4.165982","1.50"
"24910314","10/06/2018 01:51:43","Pipistrellus pygmaeus","2","58.6","62.9","57.4","5.2","144","15.0","","","1.49"
"24910315","10/06/2018 01:51:56","Myotis spec.","10","66.2","74.0","61.4","3.0","80","15.0","50.516662","-4.166228","1.50"
"24910316","10/06/2018 01:54:55","Pipistrellus pygmaeus","2","55.7","61.5","54.3","6.0","94","15.0","","","1.49"
"24910317","10/06/2018 01:55:05","Pipistrellus pygmaeus","5","57.8","61.5","56.0","1.0","240","15.0","","","1.93"
"24910318","10/06/2018 01:55:13","Pipistrellus pygmaeus","5","57.6","64.1","56.2","4.0","150","15.0","","","1.49"
"24910319","10/06/2018 01:59:17","Pipistrellus pygmaeus","7","58.4","66.0","56.1","3.0","80","15.0","","","1.57"
"24910320","10/06/2018 01:59:21","Myotis spec.","11","64.8","70.5","62.2","3.0","60","15.0","50.516885","-4.165417","1.78"
"24910321","10/06/2018 02:07:56","Pipistrellus pipistrellus","31","46.3","52.5","45.1","5.0","90","15.0","50.516850","-4.165560","6.89"
"24910322","10/06/2018 02:08:04","Pipistrellus pipistrellus","10","44.7","49.4","43.4","3.0","270","15.0","50.516850","-4.165560","3.60"
"24910323","10/06/2018 02:11:32","Pipistrellus pipistrellus","3","47.9","52.5","47.1","6.0","155","14.0","50.516565","-4.166070","1.81"
"24910324","10/06/2018 02:15:47","Pipistrellus pygmaeus","10","59.3","63.9","57.0","3.0","70","14.0","50.516487","-4.166193","1.94"
"24910325","10/06/2018 02:15:51","Pipistrellus pygmaeus","8","56.8","62.9","55.6","4.0","70","14.0","50.516487","-4.166193","1.63"
"24910326","10/06/2018 02:19:22","Eptesicus serotinus","9","27.6","33.1","26.0","7.0","538","14.0","50.516648","-4.165843","5.67"
"24910327","10/06/2018 02:24:00","Pipistrellus pygmaeus","6","57.2","63.2","55.6","1.0","80","14.0","50.516417","-4.165855","1.65"
"24910328","10/06/2018 02:24:03","Pipistrellus pygmaeus","3","57.0","65.5","55.8","3.0","101","14.0","50.516417","-4.165855","1.57"
"24910329","10/06/2018 02:24:21","Pipistrellus pygmaeus","4","59.1","67.3","57.7","3.0","73","14.0","50.516633","-4.165830","1.63"
"24910330","10/06/2018 02:24:28","Pipistrellus pygmaeus","3","55.6","63.5","54.6","5.7","90","14.0","50.516632","-4.165853","1.67"
"24910331","10/06/2018 02:24:31","Pipistrellus pygmaeus","4","59.1","62.9","56.2","4.1","70","14.0","50.516632","-4.165853","1.72"
"24910332","10/06/2018 02:24:55","Pipistrellus pygmaeus","3","56.5","60.7","55.5","3.0","279","14.0","50.516700","-4.165905","1.49"
"24910333","10/06/2018 02:24:58","Pipistrellus pygmaeus","1","55.8","58.9","54.9","6.6","0","14.0","50.516700","-4.165905","1.50"
"24910334","10/06/2018 02:25:05","Pipistrellus pygmaeus","5","58.3","63.5","56.1","2.0","80","14.0","50.516700","-4.165905","1.49"
"24910335","10/06/2018 02:25:15","Pipistrellus pygmaeus","5","58.6","67.7","56.3","7.0","70","14.0","50.516643","-4.165890","1.77"
"24910336","10/06/2018 02:25:20","Pipistrellus pygmaeus","3","59.2","62.3","57.9","2.8","216","14.0","50.516622","-4.165850","1.50"
"24910337","10/06/2018 02:25:36","Pipistrellus pygmaeus","4","57.0","61.9","56.1","3.9","177","14.0","50.516660","-4.165805","1.49"
"24910338","10/06/2018 02:25:41","Pipistrellus pygmaeus","6","57.2","64.0","56.3","5.0","70","14.0","50.516675","-4.165795","1.72"
"24910339","10/06/2018 02:25:50","Pipistrellus pygmaeus","4","56.2","64.0","55.2","6.0","216","14.0","50.516675","-4.165795","1.49"
"24910340","10/06/2018 02:25:55","Pipistrellus pygmaeus","2","60.1","71.3","57.7","4.6","148","14.0","50.516733","-4.165788","1.50"
"24910341","10/06/2018 02:26:00","Pipistrellus pygmaeus","4","56.1","60.8","54.8","4.8","90","14.0","50.516733","-4.165788","1.50"
"24910342","10/06/2018 02:26:56","Pipistrellus pygmaeus","14","57.1","61.2","55.3","3.0","80","14.0","50.516610","-4.165857","2.16"
"24910343","10/06/2018 02:27:02","Pipistrellus pygmaeus","2","56.9","59.2","55.5","2.6","261","14.0","50.516610","-4.165857","1.50"
"24910344","10/06/2018 02:27:09","Pipistrellus pygmaeus","4","56.2","60.8","55.2","5.4","170","14.0","50.516622","-4.165845","1.50"
"24910345","10/06/2018 02:27:54","Pipistrellus pygmaeus","13","57.6","61.7","56.4","1.0","100","14.0","50.516617","-4.165863","2.71"
"24910346","10/06/2018 02:27:58","Myotis spec.","12","61.0","70.2","59.2","3.0","70","14.0","50.516628","-4.165858","2.27"
"24910347","10/06/2018 02:28:08","Pipistrellus pygmaeus","3","44.6","52.8","42.9","9.2","331","14.0","50.516628","-4.165882","1.50"
"24910348","10/06/2018 02:28:11","Pipistrellus pygmaeus","2","56.9","65.0","56.0","6.2","172","14.0","50.516628","-4.165882","1.50"
"24910349","10/06/2018 02:28:16","Pipistrellus pygmaeus","5","59.0","62.7","57.3","1.0","121","14.0","50.516628","-4.165882","1.50"
"24910350","10/06/2018 02:28:21","Pipistrellus pygmaeus","7","56.8","64.6","55.5","4.0","80","14.0","50.516640","-4.165915","1.81"
"24910351","10/06/2018 02:28:25","Pipistrellus pygmaeus","9","57.4","62.9","56.2","5.0","80","14.0","50.516640","-4.165915","1.73"
"24910352","10/06/2018 02:28:28","Pipistrellus pygmaeus","2","58.0","62.7","55.2","12.5","159","14.0","50.516640","-4.165915","1.49"
"24910353","10/06/2018 02:28:33","Pipistrellus pygmaeus","3","55.8","59.7","55.0","5.0","207","14.0","50.516632","-4.165945","1.58"
"24910354","10/06/2018 02:28:37","Pipistrellus pygmaeus","11","55.9","61.6","54.7","5.0","90","14.0","50.516632","-4.165945","2.15"
"24910355","10/06/2018 02:28:44","Pipistrellus pygmaeus","5","56.6","62.7","55.2","3.0","230","14.0","50.516647","-4.165945","1.50"
"24910356","10/06/2018 02:28:51","Pipistrellus pygmaeus","10","56.2","60.7","55.1","8.0","90","14.0","50.516647","-4.165945","2.08"
"24910357","10/06/2018 02:29:01","Pipistrellus pygmaeus","7","57.0","62.6","55.9","7.0","70","14.0","50.516617","-4.165977","1.50"
"24910358","10/06/2018 02:29:36","Pipistrellus pipistrellus","4","49.0","54.9","48.1","5.0","100","14.0","50.516517","-4.166113","1.81"
"24910359","10/06/2018 02:36:06","Pipistrellus pipistrellus","4","49.4","54.8","48.2","5.6","116","14.0","50.516463","-4.166018","1.85"
"24910360","10/06/2018 02:36:25","Pipistrellus pygmaeus","2","57.5","60.9","56.6","3.9","170","14.0","50.516413","-4.166053","1.50"
"24910361","10/06/2018 02:36:27","Pipistrellus pygmaeus","5","58.7","64.0","56.6","5.6","242","14.0","50.516413","-4.166053","2.39"
"24910362","10/06/2018 02:36:43","Pipistrellus pygmaeus","4","56.7","62.4","55.4","5.2","334","14.0","50.516513","-4.166137","1.49"
"24910363","10/06/2018 02:36:50","Pipistrellus pygmaeus","5","56.6","60.7","55.7","7.0","160","14.0","50.516513","-4.166137","1.50"
"24910364","10/06/2018 02:38:12","Pipistrellus pygmaeus","3","56.3","60.9","54.6","7.0","84","14.0","50.516507","-4.166133","1.49"
"24910365","10/06/2018 02:38:20","Pipistrellus pygmaeus","2","56.9","64.1","55.4","5.0","89","14.0","50.516468","-4.166168","1.58"
"24910366","10/06/2018 02:39:27","Pipistrellus pygmaeus","8","52.3","57.0","51.1","4.0","80","14.0","50.516518","-4.166157","1.97"
"24910367","10/06/2018 02:39:35","Pipistrellus pygmaeus","1","59.2","60.7","57.4","1.3","0","13.0","50.516555","-4.166140","1.50"
"24910368","10/06/2018 02:40:28","Pipistrellus pygmaeus","3","55.7","60.9","54.9","7.0","90","14.0","50.516557","-4.166095","1.50"
"24910369","10/06/2018 02:40:36","Pipistrellus pygmaeus","4","58.7","65.8","56.5","5.0","70","14.0","50.516542","-4.166053","1.50"
"24910370","10/06/2018 02:40:39","Pipistrellus pygmaeus","2","56.0","60.9","54.9","5.9","86","14.0","50.516542","-4.166053","1.58"
"24910371","10/06/2018 02:40:45","Pipistrellus pygmaeus","9","50.9","52.3","49.6","1.0","150","14.0","50.516542","-4.166053","2.43"
"24910372","10/06/2018 02:43:45","Eptesicus serotinus","16","27.3","32.8","25.9","3.0","560","13.0","50.516603","-4.165985","10.11"
"24910373","10/06/2018 02:44:37","Rhinolophus hipposideros","3","112.6","113.6","111.7","18.0","95","13.0","50.516650","-4.165865","1.50"
"24910374","10/06/2018 02:49:52","Pipistrellus pygmaeus","4","56.0","61.6","54.9","6.0","134","14.0","","","1.49"
"24910375","10/06/2018 02:50:00","Pipistrellus pygmaeus","7","57.1","63.1","55.8","5.0","80","14.0","","","1.65"
"24910376","10/06/2018 02:50:11","Pipistrellus pygmaeus","7","56.0","61.2","54.7","5.0","90","14.0","","","2.49"
"24910377","10/06/2018 02:50:21","Pipistrellus pygmaeus","2","57.4","59.1","55.7","3.6","181","14.0","50.516715","-4.165937","1.50"
"24910378","10/06/2018 02:50:24","Pipistrellus pygmaeus","3","55.7","59.1","54.9","5.5","90","14.0","50.516715","-4.165937","1.49"
"24910379","10/06/2018 02:50:28","Pipistrellus pygmaeus","6","56.4","61.7","55.0","4.0","70","14.0","50.516720","-4.165943","1.50"
"24910380","10/06/2018 02:50:31","Pipistrellus pygmaeus","5","57.5","61.3","55.8","5.0","299","14.0","50.516720","-4.165943","2.09"
"24910381","10/06/2018 02:50:34","Pipistrellus pygmaeus","4","57.1","63.6","56.2","2.0","128","14.0","50.516720","-4.165943","1.79"
"24910382","10/06/2018 02:50:47","Pipistrellus pygmaeus","2","57.4","64.7","55.5","3.6","975","14.0","50.516695","-4.165993","1.50"
"24910383","10/06/2018 02:50:51","Pipistrellus pygmaeus","6","57.3","65.4","56.2","5.0","70","14.0","50.516695","-4.165993","2.07"
"24910384","10/06/2018 02:50:54","Pipistrellus pygmaeus","3","56.6","61.1","55.1","6.1","143","14.0","50.516695","-4.165993","1.49"
"24910385","10/06/2018 02:50:57","Pipistrellus pygmaeus","9","55.9","58.2","54.5","3.0","90","14.0","50.516695","-4.165993","1.69"
"24910386","10/06/2018 02:51:02","Pipistrellus pygmaeus","7","57.0","64.0","55.8","5.0","196","14.0","50.516615","-4.165935","1.66"
"24910387","10/06/2018 02:51:06","Pipistrellus pygmaeus","6","56.9","62.3","55.7","7.0","125","14.0","50.516615","-4.165935","1.49"
"24910388","10/06/2018 02:51:12","Pipistrellus pygmaeus","7","56.3","62.1","55.1","3.0","80","14.0","50.516665","-4.165940","1.50"
"24910389","10/06/2018 02:51:15","Pipistrellus pygmaeus","3","56.2","61.6","55.0","5.0","251","14.0","50.516665","-4.165940","1.50"
"24910390","10/06/2018 02:51:23","Pipistrellus pygmaeus","4","56.8","61.6","55.4","3.0","238","14.0","50.516627","-4.165937","1.50"
"24910391","10/06/2018 02:51:28","Pipistrellus pygmaeus","1","55.5","60.7","54.6","4.6","0","14.0","50.516627","-4.165937","1.58"
"24910392","10/06/2018 02:51:30","Pipistrellus pygmaeus","7","56.0","64.3","54.9","5.0","80","14.0","50.516627","-4.165937","1.74"
"24910393","10/06/2018 02:51:35","Pipistrellus pygmaeus","12","57.2","60.0","55.4","1.0","70","14.0","50.516637","-4.165918","3.84"
"24910394","10/06/2018 02:51:45","Pipistrellus pygmaeus","6","56.7","63.1","55.4","5.0","282","14.0","50.516648","-4.165940","1.58"
"24910395","10/06/2018 02:51:54","Pipistrellus pygmaeus","3","56.4","58.9","55.1","6.3","253","14.0","50.516648","-4.165940","1.49"
"24910396","10/06/2018 02:51:59","Pipistrellus pygmaeus","1","56.2","63.5","55.2","5.2","0","14.0","50.516625","-4.165980","1.49"
"24910397","10/06/2018 02:52:02","Pipistrellus pygmaeus","5","58.9","65.0","57.0","3.4","70","14.0","50.516625","-4.165980","1.64"
"24910398","10/06/2018 02:52:21","Pipistrellus pygmaeus","3","56.3","61.8","54.8","4.4","415","14.0","50.516687","-4.166028","1.49"
"24910399","10/06/2018 02:52:25","Pipistrellus pygmaeus","4","55.5","62.0","52.7","7.0","396","14.0","50.516687","-4.166028","1.50"
"24910400","10/06/2018 02:52:30","Pipistrellus pygmaeus","3","55.4","59.4","54.5","5.0","159","14.0","50.516670","-4.165990","1.50"
"24910401","10/06/2018 02:52:33","Pipistrellus pygmaeus","6","58.0","61.2","56.1","10.0","153","14.0","50.516670","-4.165990","1.50"
"24910402","10/06/2018 02:52:37","Pipistrellus pygmaeus","5","55.5","60.4","54.4","7.0","237","14.0","50.516670","-4.165990","1.50"
"24910403","10/06/2018 02:52:45","Pipistrellus pygmaeus","9","56.5","63.3","55.5","5.0","70","14.0","50.516668","-4.165958","2.21"
"24910404","10/06/2018 02:52:50","Pipistrellus pygmaeus","4","56.2","63.2","55.2","7.0","106","14.0","50.516668","-4.165958","1.57"
"24910405","10/06/2018 02:52:53","Pipistrellus pygmaeus","4","54.9","58.9","54.2","7.0","128","14.0","50.516655","-4.165915","1.50"
"24910406","10/06/2018 02:52:58","Pipistrellus pygmaeus","7","56.1","62.3","54.7","5.0","170","14.0","50.516655","-4.165915","1.83"
"24910407","10/06/2018 02:53:01","Pipistrellus pygmaeus","10","55.6","60.0","54.6","5.0","70","14.0","50.516655","-4.165915","3.35"
"24910408","10/06/2018 02:53:12","Pipistrellus pygmaeus","11","56.5","60.5","55.0","9.0","80","14.0","50.516637","-4.165893","2.71"
"24910409","10/06/2018 02:53:25","Pipistrellus pygmaeus","3","55.8","61.4","54.4","7.0","129","14.0","50.516615","-4.165898","1.50"
"24910410","10/06/2018 02:53:29","Pipistrellus pygmaeus","2","60.6","68.1","59.8","2.9","110","14.0","50.516583","-4.165862","1.49"
"24910411","10/06/2018 02:53:34","Pipistrellus pygmaeus","7","55.7","60.1","54.1","7.0","80","14.0","50.516583","-4.165862","2.22"
"24910412","10/06/2018 02:53:50","Pipistrellus pygmaeus","8","56.0","60.3","55.0","3.0","80","14.0","50.516605","-4.165880","1.92"
"24910413","10/06/2018 02:53:53","Pipistrellus pygmaeus","6","56.6","60.4","55.3","2.0","170","14.0","50.516605","-4.165880","1.50"
"24910414","10/06/2018 02:53:56","Pipistrellus pygmaeus","3","58.6","62.4","56.7","2.6","321","14.0","50.516605","-4.165880","1.50"
"24910415","10/06/2018 02:54:01","Pipistrellus pygmaeus","9","56.7","62.5","55.4","3.0","80","14.0","50.516633","-4.165853","2.31"
"24910416","10/06/2018 02:54:17","Pipistrellus pygmaeus","3","55.9","60.6","54.9","3.0","118","14.0","50.516632","-4.165865","1.50"
"24910417","10/06/2018 02:54:22","Pipistrellus pygmaeus","5","56.0","61.5","55.1","5.0","80","14.0","50.516632","-4.165865","1.58"
"24910418","10/06/2018 02:54:30","Pipistrellus pygmaeus","4","56.7","61.0","55.6","4.8","149","14.0","50.516650","-4.165847","1.50"
"24910419","10/06/2018 02:54:36","Pipistrellus pygmaeus","5","56.5","64.0","55.2","5.8","70","14.0","50.516668","-4.165813","1.70"
"24910420","10/06/2018 02:54:38","Pipistrellus pygmaeus","6","56.4","62.1","55.4","6.1","159","14.0","50.516668","-4.165813","2.06"
"24910421","10/06/2018 02:54:47","Pipistrellus pygmaeus","4","56.4","60.7","55.1","5.0","211","14.0","50.516695","-4.165798","1.79"
"24910422","10/06/2018 02:54:56","Pipistrellus pygmaeus","6","55.6","59.2","54.1","5.0","254","14.0","50.516695","-4.165798","1.50"
"24910423","10/06/2018 02:55:01","Pipistrellus pygmaeus","2","56.3","61.2","54.0","8.2","85","14.0","50.516673","-4.165758","1.50"
"24910424","10/06/2018 02:55:10","Pipistrellus pygmaeus","11","57.8","61.7","56.5","1.0","90","14.0","50.516677","-4.165745","2.08"
"24910425","10/06/2018 02:55:15","Pipistrellus pygmaeus","4","47.7","50.7","46.2","4.9","186","14.0","50.516677","-4.165745","1.50"
"24910426","10/06/2018 02:55:28","Pipistrellus pygmaeus","4","57.7","65.4","55.5","5.0","70","14.0","50.516680","-4.165760","1.77"
"24910427","10/06/2018 02:55:40","Pipistrellus pygmaeus","8","57.3","63.5","56.2","1.0","90","14.0","50.516680","-4.165762","2.46"
"24910428","10/06/2018 02:55:47","Pipistrellus pygmaeus","10","56.1","59.7","54.9","5.0","90","14.0","50.516680","-4.165762","3.23"
"24910429","10/06/2018 02:55:55","Pipistrellus pygmaeus","4","57.6","66.3","55.8","7.0","306","14.0","50.516650","-4.165773","1.49"
"24910430","10/06/2018 02:55:59","Rhinolophus hipposideros","7","56.0","82.0","77.5","21.8","90","14.0","50.516650","-4.165773","1.60"
"24910431","10/06/2018 02:56:02","Pipistrellus pygmaeus","3","56.3","63.3","54.7","6.6","391","14.0","50.516650","-4.165773","1.49"
"24910432","10/06/2018 02:56:08","Pipistrellus pipistrellus","12","51.2","56.1","49.8","5.0","100","14.0","50.516675","-4.165797","1.95"
"24910433","10/06/2018 02:56:15","Pipistrellus pygmaeus","3","56.5","61.6","55.2","5.7","217","14.0","50.516662","-4.165867","1.50"
"24910434","10/06/2018 02:56:19","Pipistrellus pygmaeus","9","56.0","62.2","55.0","5.0","80","14.0","50.516662","-4.165867","1.74"
"24910435","10/06/2018 02:56:22","Pipistrellus pygmaeus","3","57.0","63.2","55.5","4.6","201","14.0","50.516662","-4.165867","1.49"
"24910436","10/06/2018 02:56:30","Pipistrellus pygmaeus","6","56.1","57.9","54.3","2.0","258","14.0","50.516688","-4.165928","1.60"
"24910437","10/06/2018 02:56:34","Pipistrellus pygmaeus","5","56.9","61.2","54.9","5.2","80","14.0","50.516688","-4.165928","1.65"
"24910438","10/06/2018 02:57:29","Pipistrellus pygmaeus","3","55.9","60.9","54.5","4.4","451","14.0","50.516665","-4.165845","1.50"
"24910439","10/06/2018 02:57:33","Pipistrellus pygmaeus","2","55.8","62.7","54.9","3.3","71","14.0","50.516665","-4.165845","1.49"
"24910440","10/06/2018 02:57:35","Pipistrellus pygmaeus","3","56.6","62.2","55.3","5.0","79","14.0","50.516665","-4.165845","1.50"
"24910441","10/06/2018 02:57:42","Pipistrellus pygmaeus","2","55.7","58.9","54.6","9.8","952","14.0","50.516638","-4.165853","1.50"
"24910442","10/06/2018 02:57:47","Pipistrellus pygmaeus","8","56.4","60.7","55.1","4.0","80","14.0","50.516638","-4.165853","1.50"
"24910443","10/06/2018 02:57:55","Pipistrellus pygmaeus","2","56.9","62.7","55.7","3.6","723","14.0","50.516650","-4.165793","1.50"
"24910444","10/06/2018 02:57:59","Pipistrellus pygmaeus","8","56.8","61.4","55.6","2.0","90","14.0","50.516650","-4.165793","1.50"
"24910445","10/06/2018 02:58:02","Pipistrellus pygmaeus","7","56.5","62.1","55.1","4.0","230","14.0","50.516700","-4.165790","1.82"
"24910446","10/06/2018 02:58:10","Pipistrellus pygmaeus","4","47.8","54.2","46.4","3.0","80","14.0","50.516700","-4.165790","1.66"
"24910447","10/06/2018 02:58:38","Pipistrellus pygmaeus","9","57.8","66.7","55.8","4.0","50","14.0","50.516735","-4.165790","2.28"
"24910448","10/06/2018 02:58:52","Pipistrellus pygmaeus","9","56.6","62.3","54.9","3.0","80","14.0","50.516747","-4.165803","1.82"
"24910449","10/06/2018 02:58:57","Pipistrellus pygmaeus","6","57.0","63.8","55.7","5.0","70","14.0","50.516723","-4.165835","1.78"
"24910450","10/06/2018 02:59:01","Pipistrellus pygmaeus","2","55.4","57.4","54.8","3.6","914","14.0","50.516723","-4.165835","1.49"
"24910451","10/06/2018 02:59:11","Pipistrellus pygmaeus","8","56.5","62.6","55.4","4.0","80","14.0","50.516680","-4.165862","3.27"
"24910452","10/06/2018 02:59:16","Pipistrellus pygmaeus","5","56.5","66.2","55.2","5.9","80","14.0","50.516680","-4.165862","1.83"
"24910453","10/06/2018 02:59:19","Pipistrellus pygmaeus","4","57.3","62.6","56.0","4.0","235","14.0","50.516678","-4.165843","1.49"
"24910454","10/06/2018 02:59:31","Pipistrellus pygmaeus","3","56.1","61.6","55.0","7.0","174","14.0","50.516698","-4.165905","1.49"
"24910455","10/06/2018 02:59:36","Pipistrellus pygmaeus","9","56.6","63.1","55.0","3.0","80","14.0","50.516698","-4.165905","1.93"
"24910456","10/06/2018 02:59:40","Pipistrellus pygmaeus","2","58.4","64.8","56.6","3.9","241","14.0","50.516702","-4.165865","1.50"
"24910457","10/06/2018 02:59:46","Pipistrellus pygmaeus","9","56.3","61.3","54.9","3.0","80","14.0","50.516702","-4.165865","2.78"
"24910458","10/06/2018 02:59:51","Pipistrellus pygmaeus","5","57.4","61.6","55.8","5.0","191","14.0","50.516698","-4.165763","1.49"
"24910459","10/06/2018 02:59:55","Pipistrellus pygmaeus","10","56.2","64.1","55.2","4.0","80","14.0","50.516698","-4.165763","2.48"
"24910460","10/06/2018 03:00:02","Pipistrellus pygmaeus","2","57.2","60.4","55.5","5.9","617","14.0","50.516665","-4.165785","1.49"
"24910461","10/06/2018 03:00:06","Pipistrellus pygmaeus","3","55.8","60.4","54.2","6.3","200","14.0","50.516665","-4.165785","1.57"
"24910462","10/06/2018 03:00:10","Pipistrellus pygmaeus","6","56.0","53.7","48.5","3.0","178","14.0","50.516665","-4.165785","1.50"
"24910463","10/06/2018 03:00:24","Pipistrellus pygmaeus","2","56.2","63.8","55.1","6.2","214","14.0","50.516655","-4.165928","1.50"
"24910464","10/06/2018 03:00:30","Pipistrellus pygmaeus","9","55.5","60.5","54.3","5.0","70","14.0","50.516655","-4.165928","1.50"
"24910465","10/06/2018 03:00:36","Pipistrellus pygmaeus","7","57.4","62.0","55.7","3.0","90","14.0","50.516683","-4.165967","1.49"
"24910466","10/06/2018 03:00:48","Pipistrellus pygmaeus","9","56.1","65.2","55.2","5.0","80","14.0","50.516723","-4.165955","1.49"
"24910467","10/06/2018 03:00:53","Pipistrellus pygmaeus","7","57.0","62.6","55.2","9.0","70","14.0","50.516723","-4.165955","1.64"
"24910468","10/06/2018 03:00:55","Pipistrellus pygmaeus","3","55.9","62.0","54.6","5.9","75","14.0","50.516723","-4.165955","1.50"
"24910469","10/06/2018 03:00:58","Pipistrellus pygmaeus","9","58.3","63.7","56.9","5.0","50","14.0","50.516753","-4.165908","1.50"
"24910470","10/06/2018 03:01:01","Pipistrellus pygmaeus","7","55.4","61.4","54.2","6.0","90","14.0","50.516753","-4.165908","1.83"
"24910471","10/06/2018 03:01:06","Pipistrellus pygmaeus","8","56.3","60.8","55.2","5.0","70","14.0","50.516753","-4.165908","1.50"
"24910472","10/06/2018 03:01:09","Pipistrellus pygmaeus","4","56.5","65.6","55.4","8.0","164","14.0","50.516772","-4.165918","1.50"
"24910473","10/06/2018 03:01:12","Pipistrellus pygmaeus","5","57.1","62.9","55.7","6.0","187","14.0","50.516772","-4.165918","1.50"
"24910474","10/06/2018 03:01:14","Pipistrellus pygmaeus","11","56.3","60.6","54.8","9.0","90","14.0","50.516772","-4.165918","2.54"
"24910475","10/06/2018 03:01:19","Pipistrellus pygmaeus","5","58.0","62.0","56.0","3.1","181","14.0","50.516773","-4.165927","1.49"
"24910476","10/06/2018 03:01:22","Pipistrellus pygmaeus","7","56.3","61.3","55.2","3.0","160","14.0","50.516773","-4.165927","2.48"
"24910477","10/06/2018 03:01:30","Pipistrellus pygmaeus","7","55.8","59.1","54.9","7.0","90","14.0","50.516763","-4.165970","1.50"
"24910478","10/06/2018 03:01:33","Pipistrellus pygmaeus","4","55.8","61.0","54.7","3.0","223","14.0","50.516763","-4.165970","1.50"
"24910479","10/06/2018 03:01:44","Pipistrellus pygmaeus","9","55.9","60.7","54.7","7.0","80","14.0","50.516745","-4.166008","2.42"
"24910480","10/06/2018 03:01:57","Pipistrellus pygmaeus","11","56.4","61.7","55.5","5.0","80","14.0","50.516730","-4.166008","1.58"
"24910481","10/06/2018 03:02:05","Pipistrellus pygmaeus","9","55.9","61.4","54.9","5.0","70","14.0","50.516738","-4.165968","1.74"
"24910482","10/06/2018 03:02:09","Pipistrellus pygmaeus","6","56.8","61.7","55.6","3.0","212","14.0","50.516738","-4.165968","1.75"
"24910483","10/06/2018 03:02:13","Pipistrellus pygmaeus","7","55.8","61.9","54.6","4.0","70","14.0","50.516738","-4.165968","2.00"
"24910484","10/06/2018 03:02:19","Pipistrellus pygmaeus","10","55.9","59.2","54.4","5.0","90","14.0","50.516728","-4.165940","3.11"
"24910485","10/06/2018 03:02:25","Pipistrellus pygmaeus","11","56.2","62.5","55.1","5.0","90","14.0","50.516728","-4.165940","2.68"
"24910486","10/06/2018 03:02:29","Pipistrellus pygmaeus","3","56.2","64.3","55.0","3.0","202","14.0","50.516740","-4.165847","1.50"
"24910487","10/06/2018 03:02:36","Pipistrellus pygmaeus","6","57.1","63.8","55.6","2.0","165","14.0","50.516740","-4.165847","1.50"
"24910488","10/06/2018 03:02:45","Pipistrellus pygmaeus","10","57.6","62.0","56.3","4.0","90","14.0","50.516693","-4.165835","1.49"
"24910489","10/06/2018 03:02:50","Pipistrellus pygmaeus","9","56.0","61.0","54.8","3.0","230","14.0","50.516693","-4.165835","2.23"
"24910490","10/06/2018 03:02:57","Pipistrellus pygmaeus","5","55.8","61.2","54.7","3.0","126","14.0","50.516638","-4.165850","1.57"
"24910491","10/06/2018 03:03:00","Pipistrellus pygmaeus","5","56.0","60.5","54.6","6.0","80","14.0","50.516638","-4.165850","1.49"
"24910492","10/06/2018 03:03:03","Pipistrellus pygmaeus","8","56.0","62.9","54.7","4.0","80","14.0","50.516638","-4.165850","1.73"
"24910493","10/06/2018 03:03:05","Pipistrellus pygmaeus","5","56.0","61.3","54.5","5.0","80","14.0","50.516623","-4.165860","1.92"
"24910494","10/06/2018 03:03:22","Pipistrellus pygmaeus","4","56.2","61.4","55.0","3.0","156","14.0","50.516637","-4.165900","1.50"
"24910495","10/06/2018 03:03:24","Pipistrellus pygmaeus","7","56.3","60.8","55.0","3.0","70","14.0","50.516637","-4.165900","1.49"
"24910496","10/06/2018 03:03:31","Pipistrellus pygmaeus","12","56.8","63.5","55.6","3.0","70","14.0","50.516647","-4.165872","2.24"
"24910497","10/06/2018 03:03:40","Pipistrellus pygmaeus","3","55.5","60.9","54.6","6.3","374","14.0","50.516658","-4.165830","1.50"
"24910498","10/06/2018 03:03:46","Pipistrellus pygmaeus","7","55.6","61.3","54.2","5.0","160","14.0","50.516658","-4.165830","1.49"
"24910499","10/06/2018 03:03:52","Pipistrellus pygmaeus","10","56.6","62.7","55.4","1.0","80","14.0","50.516703","-4.165777","1.58"
"24910500","10/06/2018 03:04:04","Pipistrellus pygmaeus","6","57.0","63.8","55.8","5.0","70","14.0","50.516735","-4.165777","1.50"
"24910501","10/06/2018 03:04:07","Pipistrellus pygmaeus","6","57.1","61.5","55.3","7.0","70","14.0","50.516735","-4.165777","1.71"
"24910502","10/06/2018 03:04:14","Pipistrellus pygmaeus","3","55.9","60.3","54.8","4.2","437","14.0","50.516720","-4.165812","1.50"
"24910503","10/06/2018 03:04:17","Pipistrellus pygmaeus","4","57.1","62.4","55.7","5.7","139","14.0","50.516720","-4.165812","1.49"
"24910504","10/06/2018 03:04:20","Pipistrellus pygmaeus","4","56.5","60.5","55.4","4.6","164","14.0","50.516720","-4.165812","1.50"
"24910505","10/06/2018 03:04:24","Pipistrellus pygmaeus","9","56.9","60.9","55.4","3.0","80","14.0","50.516705","-4.165835","1.94"
"24910506","10/06/2018 03:04:37","Pipistrellus pygmaeus","6","56.3","62.6","55.2","4.0","80","14.0","50.516725","-4.165765","2.00"
"24910507","10/06/2018 03:04:40","Pipistrellus pygmaeus","4","56.0","61.8","54.6","7.0","132","14.0","50.516725","-4.165765","1.50"
"24910508","10/06/2018 03:04:43","Pipistrellus pygmaeus","10","56.0","61.7","54.7","4.0","80","14.0","50.516725","-4.165765","2.25"
"24910509","10/06/2018 03:04:50","Pipistrellus pygmaeus","10","56.1","60.9","54.7","5.0","170","14.0","50.516733","-4.165727","2.49"
"24910510","10/06/2018 03:04:54","Pipistrellus pygmaeus","2","55.7","58.1","54.3","3.6","321","14.0","50.516733","-4.165727","1.50"
"24910511","10/06/2018 03:04:58","Pipistrellus pygmaeus","4","55.9","61.8","54.5","8.2","173","14.0","50.516733","-4.165727","1.50"
"24910512","10/06/2018 03:05:00","Pipistrellus pygmaeus","3","58.0","65.5","55.8","5.0","280","14.0","50.516742","-4.165770","1.50"
"24910513","10/06/2018 03:05:04","Pipistrellus pygmaeus","6","56.0","60.8","54.7","2.0","251","14.0","50.516742","-4.165770","1.58"
"24910514","10/06/2018 03:05:07","Pipistrellus pygmaeus","7","56.3","59.6","55.0","1.0","80","14.0","50.516742","-4.165770","1.50"
"24910515","10/06/2018 03:05:25","Pipistrellus pygmaeus","9","57.0","64.6","55.6","1.0","80","14.0","50.516743","-4.165745","2.86"
"24910516","10/06/2018 03:05:33","Pipistrellus pygmaeus","6","55.6","62.9","54.5","9.1","80","14.0","50.516750","-4.165723","1.87"
"24910517","10/06/2018 03:05:36","Pipistrellus pygmaeus","8","56.5","61.1","55.0","1.0","80","14.0","50.516750","-4.165723","1.98"
"24910518","10/06/2018 03:05:41","Pipistrellus pygmaeus","4","55.5","60.6","54.8","4.6","136","14.0","50.516750","-4.165723","1.50"
"24910519","10/06/2018 03:05:46","Pipistrellus pygmaeus","6","58.7","61.8","56.7","1.0","160","14.0","50.516748","-4.165688","1.50"
"24910520","10/06/2018 03:05:53","Pipistrellus pygmaeus","7","56.4","63.4","55.3","3.0","80","14.0","50.516748","-4.165688","2.39"
"24910521","10/06/2018 03:05:58","Pipistrellus pygmaeus","4","56.6","59.4","55.2","4.3","227","14.0","50.516748","-4.165660","1.49"
"24910522","10/06/2018 03:06:03","Pipistrellus pygmaeus","6","56.0","62.7","54.9","3.0","70","14.0","50.516748","-4.165660","1.49"
"24910523","10/06/2018 03:06:06","Pipistrellus pygmaeus","6","56.1","60.3","55.0","6.9","285","14.0","50.516748","-4.165660","1.99"
"24910524","10/06/2018 03:06:10","Pipistrellus pygmaeus","8","56.0","62.3","54.9","3.0","80","14.0","50.516758","-4.165685","1.50"
"24910525","10/06/2018 03:06:18","Pipistrellus pygmaeus","6","56.3","61.6","54.9","5.4","90","14.0","50.516758","-4.165685","1.99"
"24910526","10/06/2018 03:06:30","Pipistrellus pygmaeus","1","57.7","60.1","54.9","1.3","0","14.0","50.516755","-4.165708","1.49"
"24910527","10/06/2018 03:06:33","Pipistrellus pygmaeus","3","58.7","63.7","58.0","5.0","76","14.0","50.516722","-4.165683","1.58"
"24910528","10/06/2018 03:06:40","Pipistrellus pygmaeus","9","56.4","62.2","55.1","4.0","70","14.0","50.516722","-4.165683","1.86"
"24910529","10/06/2018 03:06:43","Pipistrellus pygmaeus","3","55.5","58.8","51.7","4.8","353","14.0","50.516720","-4.165690","1.50"
"24910530","10/06/2018 03:06:48","Pipistrellus pygmaeus","6","55.8","60.4","54.6","5.0","197","14.0","50.516720","-4.165690","1.50"
"24910531","10/06/2018 03:06:55","Pipistrellus pygmaeus","5","55.7","64.0","55.0","5.0","263","14.0","50.516727","-4.165745","1.80"
"24910532","10/06/2018 03:06:58","Pipistrellus pygmaeus","8","57.2","63.2","55.9","5.0","70","14.0","50.516727","-4.165745","1.91"
"24910533","10/06/2018 03:07:01","Pipistrellus pygmaeus","5","56.7","66.0","55.7","4.0","197","14.0","50.516727","-4.165745","1.90"
"24910534","10/06/2018 03:07:11","Pipistrellus pygmaeus","8","56.4","61.1","55.2","4.0","80","14.0","50.516740","-4.165752","1.50"
"24910535","10/06/2018 03:07:19","Pipistrellus pygmaeus","3","55.1","62.2","54.1","7.0","78","14.0","50.516733","-4.165748","1.49"
"24910536","10/06/2018 03:07:23","Pipistrellus pygmaeus","3","57.6","63.7","55.8","3.0","97","14.0","50.516733","-4.165748","1.50"
"24910537","10/06/2018 03:07:25","Pipistrellus pygmaeus","10","56.4","61.9","54.9","5.0","80","14.0","50.516733","-4.165748","1.50"
"24910538","10/06/2018 03:07:30","Pipistrellus pygmaeus","3","57.8","60.7","56.7","3.0","511","14.0","50.516735","-4.165697","1.50"
"24910539","10/06/2018 03:07:34","Pipistrellus pygmaeus","6","56.0","62.6","54.9","4.0","80","14.0","50.516735","-4.165697","1.50"
"24910540","10/06/2018 03:07:39","Pipistrellus pygmaeus","5","57.6","62.6","55.8","3.0","80","14.0","50.516753","-4.165670","2.11"
"24910541","10/06/2018 03:07:44","Pipistrellus pygmaeus","7","56.6","62.5","54.8","4.0","80","14.0","50.516753","-4.165670","2.50"
"24910542","10/06/2018 03:07:49","Pipistrellus pygmaeus","6","55.8","60.0","54.2","9.0","347","14.0","50.516753","-4.165670","2.28"
"24910543","10/06/2018 03:07:52","Pipistrellus pygmaeus","11","57.0","63.2","55.7","1.0","80","14.0","50.516773","-4.165647","2.22"
"24910544","10/06/2018 03:08:01","Pipistrellus pygmaeus","4","56.6","63.2","55.0","3.0","182","14.0","50.516773","-4.165647","1.49"
"24910545","10/06/2018 03:08:08","Pipistrellus pygmaeus","6","56.4","64.1","55.2","5.0","80","14.0","50.516785","-4.165662","1.67"
"24910546","10/06/2018 03:08:37","Pipistrellus pipistrellus","5","49.2","54.5","48.3","8.0","115","14.0","50.516773","-4.165712","1.58"
"24910547","10/06/2018 03:10:05","Pipistrellus pygmaeus","6","55.7","59.3","53.5","5.8","190","14.0","50.516792","-4.165863","1.50"
"24910548","10/06/2018 03:10:11","Pipistrellus pygmaeus","5","56.2","62.4","55.1","4.0","80","14.0","50.516792","-4.165863","2.16"
"24910549","10/06/2018 03:10:22","Pipistrellus pygmaeus","5","55.7","63.9","54.9","5.0","137","14.0","50.516770","-4.165962","1.50"
"24910550","10/06/2018 03:10:26","Pipistrellus pygmaeus","4","57.7","63.6","56.2","3.0","70","14.0","50.516770","-4.165962","1.74"
"24910551","10/06/2018 03:10:34","Pipistrellus pygmaeus","3","55.5","60.1","54.2","7.0","350","14.0","50.516787","-4.166347","1.50"
"24910552","10/06/2018 03:10:49","Pipistrellus pygmaeus","4","57.4","60.1","56.1","2.0","159","14.0","50.516785","-4.166645","1.50"
"24910553","10/06/2018 03:10:55","Pipistrellus pygmaeus","7","57.5","65.3","55.9","4.0","60","14.0","50.516660","-4.166803","1.50"
"24910554","10/06/2018 03:10:57","Pipistrellus pygmaeus","5","56.8","61.1","55.8","8.0","226","14.0","50.516660","-4.166803","1.50"
"24910555","10/06/2018 03:10:59","Pipistrellus pygmaeus","9","55.8","62.6","54.5","5.0","80","14.0","50.516660","-4.166803","1.50"
"24910556","10/06/2018 03:11:41","Pipistrellus pygmaeus","10","55.9","61.2","54.8","5.0","90","14.0","50.516758","-4.166022","2.01"
"24910557","10/06/2018 03:11:54","Pipistrellus pygmaeus","2","56.9","60.1","55.5","5.6","80","14.0","50.516750","-4.165847","1.50"
"24910558","10/06/2018 03:11:57","Pipistrellus pygmaeus","1","55.2","60.1","54.3","5.2","0","14.0","50.516748","-4.165785","1.50"
"24910559","10/06/2018 03:12:02","Pipistrellus pygmaeus","8","56.8","60.8","54.7","10.0","90","14.0","50.516748","-4.165785","1.49"
"24910560","10/06/2018 03:12:04","Pipistrellus pygmaeus","7","57.2","59.8","55.5","1.0","90","14.0","50.516748","-4.165785","1.50"
"24910561","10/06/2018 03:12:08","Pipistrellus pygmaeus","2","58.4","66.2","56.5","5.2","88","14.0","50.516750","-4.165802","1.49"
"24910562","10/06/2018 03:12:18","Pipistrellus pygmaeus","6","56.5","63.5","55.1","4.0","243","14.0","50.516762","-4.165833","1.84"
"24910563","10/06/2018 03:12:22","Pipistrellus pygmaeus","8","57.6","62.4","55.9","2.0","80","14.0","50.516762","-4.165833","2.08"
"24910564","10/06/2018 03:12:25","Pipistrellus pygmaeus","2","56.0","59.7","54.9","4.9","469","14.0","50.516762","-4.165833","1.50"
"24910565","10/06/2018 03:12:32","Pipistrellus pygmaeus","2","56.9","61.0","55.8","6.6","88","14.0","50.516763","-4.165863","1.50"
"24910566","10/06/2018 03:12:35","Pipistrellus pygmaeus","3","56.5","60.4","54.8","5.2","229","14.0","50.516763","-4.165863","1.50"
"24910567","10/06/2018 03:12:38","Pipistrellus pygmaeus","4","57.8","62.6","55.8","1.0","235","14.0","50.516763","-4.165863","1.50"
"24910568","10/06/2018 03:12:42","Pipistrellus pygmaeus","7","56.8","61.4","55.6","3.0","90","14.0","50.516762","-4.165888","1.50"
"24910569","10/06/2018 03:12:48","Pipistrellus pygmaeus","7","56.5","62.3","55.5","3.0","80","14.0","50.516762","-4.165888","1.73"
"24910570","10/06/2018 03:13:00","Pipistrellus pygmaeus","3","55.7","58.8","54.5","3.5","443","14.0","50.516800","-4.165857","1.49"
"24910571","10/06/2018 03:13:05","Pipistrellus pygmaeus","3","55.6","57.2","54.9","2.0","787","14.0","50.516737","-4.165845","1.59"
"24910572","10/06/2018 03:13:13","Pipistrellus pygmaeus","2","55.7","60.1","54.8","5.0","853","14.0","50.516737","-4.165845","1.50"
"24910573","10/06/2018 03:13:20","Pipistrellus pygmaeus","10","56.5","63.3","55.4","6.0","70","14.0","50.516715","-4.165810","1.79"
"24910574","10/06/2018 03:13:28","Pipistrellus pygmaeus","5","55.8","59.8","54.4","5.0","133","14.0","50.516697","-4.165823","1.50"
"24910575","10/06/2018 03:13:39","Pipistrellus pygmaeus","3","56.2","60.4","54.9","4.8","361","14.0","50.516700","-4.165810","1.50"
"24910576","10/06/2018 03:13:49","Pipistrellus pygmaeus","5","56.5","62.6","55.4","4.0","70","14.0","50.516723","-4.165812","1.77"
"24910577","10/06/2018 03:14:11","Pipistrellus pygmaeus","3","19.7","25.7","18.1","3.0","162","14.0","50.516712","-4.165807","1.51"
"24910578","10/06/2018 03:14:16","Pipistrellus pygmaeus","7","56.8","60.8","55.4","5.0","207","14.0","50.516712","-4.165807","2.12"
"24910579","10/06/2018 03:14:39","Pipistrellus pygmaeus","3","56.1","60.2","54.9","6.0","362","14.0","50.516725","-4.165833","1.49"
"24910580","10/06/2018 03:14:55","Pipistrellus pygmaeus","6","55.1","57.7","54.1","8.6","90","14.0","50.516757","-4.165818","1.68"
"24910581","10/06/2018 03:17:31","Pipistrellus pipistrellus","6","50.4","55.5","48.2","4.8","180","14.0","50.516747","-4.166105","1.50"
"24910582","10/06/2018 03:18:00","Pipistrellus pygmaeus","3","57.3","63.4","55.4","4.0","666","14.0","50.516728","-4.166210","1.50"
"24910583","10/06/2018 03:19:44","Pipistrellus pygmaeus","6","57.7","63.1","55.9","3.0","70","14.0","50.516750","-4.166128","2.02"
"24910584","10/06/2018 03:20:16","Pipistrellus pygmaeus","5","56.3","61.6","55.2","4.0","80","14.0","50.516823","-4.165920","1.58"
"24910585","10/06/2018 03:20:20","Pipistrellus pygmaeus","5","56.6","60.4","55.7","6.8","309","14.0","50.516823","-4.165920","1.49"
"24910586","10/06/2018 03:20:28","Pipistrellus pygmaeus","7","57.1","63.8","55.8","4.0","80","14.0","50.516815","-4.165982","1.65"
"24910587","10/06/2018 03:20:31","Pipistrellus pygmaeus","4","57.0","60.4","55.2","5.2","166","14.0","50.516815","-4.165982","1.50"
"24910588","10/06/2018 03:20:35","Pipistrellus pygmaeus","1","56.2","61.6","55.2","4.6","0","14.0","50.516815","-4.165982","1.49"
"24910589","10/06/2018 03:20:58","Pipistrellus pygmaeus","10","57.2","62.2","55.9","4.0","70","14.0","50.516683","-4.165993","2.81"
"24910590","10/06/2018 03:21:05","Pipistrellus pygmaeus","4","58.6","64.7","56.9","3.0","245","14.0","50.516683","-4.165993","1.50"
"24910591","10/06/2018 03:21:12","Pipistrellus pygmaeus","8","57.1","62.3","56.2","5.0","80","14.0","50.516660","-4.166018","1.50"
"24910592","10/06/2018 03:21:30","Pipistrellus pygmaeus","3","56.2","61.2","54.9","5.2","111","14.0","50.516623","-4.165960","1.49"
"24910593","10/06/2018 03:22:09","Pipistrellus pygmaeus","6","94.6","97.5","93.0","11.6","202","14.0","50.516645","-4.165813","1.68"
"24910594","10/06/2018 03:22:19","Rhinolophus hipposideros","9","112.3","113.5","110.9","21.8","80","14.0","50.516475","-4.166067","1.51"
"24910595","10/06/2018 03:23:15","Rhinolophus hipposideros","7","113.3","114.0","112.0","10.0","165","14.0","50.516645","-4.166348","1.50"
"24910596","10/06/2018 03:23:22","Rhinolophus hipposideros","5","113.1","114.0","112.1","14.3","70","14.0","50.516645","-4.166348","1.50"
"24910597","10/06/2018 03:23:29","Rhinolophus hipposideros","17","112.6","113.5","111.4","20.0","90","14.0","50.516548","-4.166435","2.05"
"24910598","10/06/2018 03:23:53","Pipistrellus pygmaeus","5","57.4","61.2","56.1","4.0","90","14.0","50.516658","-4.166145","1.50"
"24910599","10/06/2018 03:23:56","Pipistrellus pygmaeus","6","57.6","63.5","56.3","5.0","80","14.0","50.516658","-4.166145","1.50"
"24910600","10/06/2018 03:25:02","Pipistrellus pygmaeus","7","57.5","62.4","56.0","2.0","80","14.0","50.516765","-4.165873","2.21"
"24910601","10/06/2018 03:25:55","Pipistrellus pygmaeus","4","56.6","61.7","55.6","5.7","319","14.0","50.516655","-4.165758","1.50"
"24910602","10/06/2018 03:27:21","Pipistrellus pygmaeus","4","56.9","62.5","55.7","5.0","279","14.0","50.516498","-4.165907","1.50"
"24910603","10/06/2018 03:27:27","Pipistrellus pygmaeus","5","56.8","64.1","55.8","5.5","246","14.0","50.516498","-4.165907","1.50"
"24910604","10/06/2018 03:29:22","Rhinolophus hipposideros","7","114.0","94.2","92.1","16.6","190","14.0","","","1.51"
"24910605","10/06/2018 03:29:37","Rhinolophus hipposideros","7","113.1","114.0","111.9","12.1","171","14.0","50.516580","-4.165950","1.52"
"24910606","10/06/2018 03:29:40","Rhinolophus hipposideros","7","111.7","112.6","110.7","9.2","80","14.0","50.516580","-4.165950","1.50"
"24910607","10/06/2018 03:29:46","Rhinolophus hipposideros","13","112.4","113.6","111.0","15.8","113","14.0","50.516757","-4.166060","1.93"
"24910608","10/06/2018 03:30:36","Pipistrellus pygmaeus","2","58.3","62.3","57.2","2.0","111","14.0","50.516835","-4.165867","1.50"
"24910609","10/06/2018 03:30:39","Pipistrellus pygmaeus","5","57.9","63.8","56.4","3.0","70","14.0","50.516795","-4.165850","1.50"
"24910610","10/06/2018 03:30:52","Rhinolophus hipposideros","7","111.4","113.0","110.2","17.4","80","14.0","50.516800","-4.165910","1.50"
"24910611","10/06/2018 03:33:07","Pipistrellus pygmaeus","7","57.7","62.7","56.7","1.0","263","14.0","50.516813","-4.165965","2.08"
"24910612","10/06/2018 03:35:10","Rhinolophus hipposideros","23","82.0","93.6","91.3","26.7","77","14.0","","","3.63"
"24910613","10/06/2018 03:35:48","Pipistrellus pygmaeus","2","56.8","62.0","55.5","5.0","79","14.0","50.516598","-4.166078","1.50"
"24910614","10/06/2018 03:36:47","Pipistrellus pygmaeus","7","57.8","63.6","56.4","5.0","60","14.0","50.516643","-4.166042","1.50"
"24910615","10/06/2018 03:38:34","Pipistrellus pygmaeus","5","57.5","65.1","55.7","9.0","137","14.0","","","2.04"
"24910616","10/06/2018 03:39:08","Rhinolophus hipposideros","9","112.0","104.2","101.5","16.5","70","14.0","50.516735","-4.165852","1.52"
"24910617","10/06/2018 03:39:31","Rhinolophus hipposideros","12","111.3","112.5","110.2","14.0","80","14.0","50.516482","-4.167058","1.50"
"24910618","10/06/2018 03:39:34","Rhinolophus hipposideros","11","110.6","111.9","109.2","19.1","90","14.0","50.516482","-4.167058","2.18"
"24910619","10/06/2018 03:42:08","Pipistrellus pygmaeus","4","56.0","63.6","54.9","6.1","334","14.0","","","1.49"
"24910620","10/06/2018 03:42:11","Pipistrellus pygmaeus","5","55.8","60.5","54.6","5.0","142","14.0","","","1.49"
"24910621","10/06/2018 03:42:22","Pipistrellus pygmaeus","2","55.5","59.5","53.6","4.9","93","14.0","","","1.50"
"24910622","10/06/2018 03:42:59","Rhinolophus hipposideros","37","112.7","113.8","111.3","24.5","80","14.0","50.516730","-4.165928","4.07"
"24910623","10/06/2018 03:43:05","Rhinolophus hipposideros","21","112.8","113.9","111.6","20.2","70","14.0","50.516730","-4.165928","2.27"
"24910624","10/06/2018 03:43:11","Rhinolophus hipposideros","10","112.3","113.4","110.7","17.8","161","14.0","50.516503","-4.166288","1.74"
"24910625","10/06/2018 03:43:50","Pipistrellus pygmaeus","3","55.7","60.5","54.1","5.2","220","14.0","50.516350","-4.166200","1.50"
"24910626","10/06/2018 03:43:56","Pipistrellus pygmaeus","4","57.4","62.3","56.2","5.0","100","14.0","50.516350","-4.166200","1.57"
"24910627","10/06/2018 03:44:00","Pipistrellus pygmaeus","7","58.0","64.2","56.5","5.0","80","14.0","50.516350","-4.166200","1.97"
"24910628","10/06/2018 03:44:18","Pipistrellus pygmaeus","4","56.0","61.0","54.6","7.0","90","14.0","50.516535","-4.166012","1.50"
"24910629","10/06/2018 03:46:54","Pipistrellus pygmaeus","5","56.8","65.1","55.5","4.0","320","14.0","","","1.89"
"24910630","10/06/2018 03:47:06","Pipistrellus pygmaeus","5","56.2","62.9","54.9","4.0","180","14.0","50.516317","-4.166053","1.86"
"24910631","10/06/2018 03:47:58","Pipistrellus pygmaeus","5","56.9","65.2","55.6","5.6","80","14.0","50.516407","-4.166485","1.49"
"24910632","10/06/2018 03:48:04","Pipistrellus pygmaeus","14","57.2","61.8","55.4","3.0","80","14.0","50.516407","-4.166485","2.57"
"24910633","10/06/2018 03:48:19","Pipistrellus pipistrellus","2","48.8","51.4","47.9","7.5","379","14.0","50.516475","-4.166307","1.50"
"24910634","10/06/2018 03:48:23","Pipistrellus pygmaeus","1","56.5","61.3","55.2","8.5","0","14.0","50.516475","-4.166307","1.50"
"24910635","10/06/2018 03:49:09","Pipistrellus pygmaeus","3","56.6","61.5","55.5","4.6","77","14.0","50.516585","-4.166198","1.50"
"24910636","10/06/2018 03:49:12","Pipistrellus pygmaeus","3","60.5","66.4","59.3","4.2","613","14.0","50.516585","-4.166198","1.49"
"24910637","10/06/2018 03:51:01","Rhinolophus hipposideros","10","110.1","111.2","109.2","18.1","80","14.0","50.516602","-4.166355","1.74"
"24910638","10/06/2018 03:52:17","Pipistrellus pygmaeus","10","56.5","62.7","55.4","7.0","80","14.0","50.516557","-4.165533","2.25"
"24910639","10/06/2018 03:52:22","Pipistrellus pygmaeus","5","57.5","62.4","56.3","3.0","308","14.0","50.516557","-4.165533","1.50"
"24910640","10/06/2018 03:52:28","Pipistrellus pipistrellus","4","48.4","50.6","47.1","1.0","417","14.0","50.516580","-4.165588","1.49"
"24910641","10/06/2018 03:52:42","Pipistrellus pygmaeus","11","57.9","62.5","56.9","4.0","80","14.0","50.516577","-4.165687","2.33"
"24910642","10/06/2018 03:53:34","Pipistrellus pipistrellus","7","48.4","55.1","47.0","3.0","80","14.0","50.516618","-4.165890","1.74"
"24910643","10/06/2018 03:53:41","Pipistrellus pipistrellus","4","49.2","54.8","47.8","6.2","148","14.0","50.516595","-4.165892","1.76"
"24910644","10/06/2018 03:53:44","Pipistrellus pipistrellus","6","49.2","54.1","47.4","2.0","80","14.0","50.516595","-4.165892","1.50"
"24910645","10/06/2018 03:53:48","Pipistrellus pipistrellus","5","48.4","54.4","46.6","5.0","180","14.0","50.516595","-4.165892","1.50"
"24910646","10/06/2018 03:53:54","Pipistrellus pipistrellus","3","48.8","55.0","46.6","4.2","346","14.0","50.516583","-4.165958","1.68"
"24910647","10/06/2018 03:54:01","Pipistrellus pipistrellus","6","47.8","50.3","46.5","2.0","180","14.0","50.516583","-4.165958","1.68"
"24910648","10/06/2018 03:55:11","Pipistrellus pygmaeus","2","57.5","59.1","56.2","1.0","228","14.0","50.516628","-4.165955","1.50"
"24910649","10/06/2018 03:55:22","Pipistrellus pygmaeus","6","57.0","63.9","55.6","5.0","127","14.0","50.516658","-4.165933","1.77"
"24910650","10/06/2018 03:55:25","Pipistrellus pygmaeus","3","57.9","64.9","56.6","6.8","108","14.0","50.516658","-4.165933","1.58"
"24910651","10/06/2018 03:55:30","Pipistrellus pygmaeus","7","57.2","62.7","55.3","1.0","90","14.0","50.516655","-4.165898","1.58"
"24910652","10/06/2018 03:55:37","Pipistrellus pygmaeus","5","56.2","61.0","54.9","4.0","206","14.0","50.516655","-4.165898","1.50"
"24910653","10/06/2018 03:56:25","Pipistrellus pygmaeus","6","55.3","58.6","54.3","3.0","290","14.0","50.516615","-4.165620","1.50"
"24910654","10/06/2018 03:59:45","Pipistrellus pygmaeus","4","56.2","60.4","55.1","5.0","431","14.0","50.516712","-4.165880","2.13"
"24910655","10/06/2018 04:00:05","Pipistrellus pygmaeus","7","57.1","60.4","56.3","3.0","80","14.0","50.516738","-4.165928","1.50"
"24910656","10/06/2018 04:00:31","Rhinolophus ferrumequinum","12","82.2","83.3","80.2","45.0","110","14.0","50.516723","-4.165927","2.52"
"24910657","10/06/2018 04:03:55","Rhinolophus ferrumequinum","6","83.1","84.1","82.0","15.3","220","14.0","50.516715","-4.165960","1.50"
"24910658","10/06/2018 04:04:23","Rhinolophus ferrumequinum","17","82.7","83.8","79.6","50.7","110","14.0","50.516703","-4.165943","3.47"
"24910659","10/06/2018 04:11:51","Rhinolophus ferrumequinum","14","82.0","83.1","80.1","24.0","110","14.0","50.516695","-4.165868","2.53"
"24910660","10/06/2018 04:12:21","Nyctalus noctula","33","19.7","21.7","18.5","7.0","473","14.0","50.516685","-4.166115","16.63"
"24910661","10/06/2018 04:12:54","Nyctalus noctula","3","19.1","20.9","18.1","22.7","354","14.0","50.516698","-4.166077","1.50"
"24910662","10/06/2018 04:12:57","Nyctalus noctula","16","19.6","21.0","18.5","13.2","50","14.0","50.516698","-4.166077","3.18"
"24910663","10/06/2018 04:14:00","Nyctalus noctula","4","18.1","19.3","17.2","7.0","221","14.0","50.516630","-4.166122","1.50"
"24910664","10/06/2018 04:14:02","Nyctalus noctula","12","18.9","20.5","18.1","11.7","380","14.0","50.516630","-4.166122","3.91"
"24910665","10/06/2018 04:14:07","Nyctalus noctula","8","18.8","20.0","17.5","1.0","390","14.0","50.516652","-4.166145","3.98"
"24910666","10/06/2018 04:14:16","Pipistrellus pipistrellus","8","60.6","64.2","58.8","3.0","50","14.0","50.516652","-4.166145","1.82"
"24910667","10/06/2018 04:15:53","Nyctalus noctula","1","16.8","18.3","15.9","21.6","0","14.0","50.516707","-4.165947","1.50"
"24910668","10/06/2018 04:19:28","Pipistrellus pygmaeus","6","57.3","63.7","56.2","3.0","70","14.0","","","1.71"
"24910669","10/06/2018 04:19:44","Pipistrellus pipistrellus","10","47.5","52.9","46.1","3.0","90","14.0","","","2.09"
"24910670","10/06/2018 04:20:05","Pipistrellus pygmaeus","5","57.4","61.5","56.0","5.0","70","14.0","50.516658","-4.166117","1.50"
"24910671","10/06/2018 04:21:54","Pipistrellus pipistrellus","10","46.3","55.2","45.1","3.0","70","14.0","50.516613","-4.165995","2.29"
"24910684","10/06/2018 04:44:53","Nyctalus noctula","6","17.2","18.1","16.3","8.4","312","14.0","50.516613","-4.166055","2.40"
